"url","hammer_price","title","sold","country","region","strength","distillery_status","bulk_litres","currency","auction_date","rla","filling_date","cask_type","cask_filling","previous_spirit","distillery","regauged_date","age","bottles_at_cask_strength","hammer_price_per_bottle_at_cask_strength","hammer_price_per_litre_of_alcohol","buyer_price","buyer_price_per_bottle_at_cask_strength","buyer_price_per_litre_of_alcohol","auction_house"
"https://www.thegrandwhiskyauction.com/lot-491432/springbank-1996-fresh-sherry-hogshead-bulk-1477l-439-held-in-bond-at-springbank",87750,"Springbank - 1996 Fresh Sherry Hogshead - Bulk 147.7L & 43.9%| Held in bond at Springbank",TRUE,"Scotland","Campbeltown",43.9,"Operational",147.7,"Great Britain Pound (£)",2023-04-24,64.84,1996-06-07,"Hogshead","First Fill","Sherry","Springbank",2023-03-01,26,211,415.88,1353.33,98718.75,467.86,1522.5,"The Grand Whisky Auction"
"https://www.thegrandwhiskyauction.com/lot-560293/ben-nevis-1998-butt-315-bulk-l-57-abv-held-in-bond-at-distillery",60000,"Ben Nevis - 1998 Butt 315 Bulk L 57% ABV | Held In Bond at Distillery",FALSE,"Scotland","Highlands",57,"Operational",315.67,"Great Britain Pound (£)",2023-11-21,179.93,1998-10-01,"Butt",NA,NA,"Ben Nevis",2023-07-26,25,450.96,133.05,333.46,67500,149.68,375.15,"The Grand Whisky Auction"
"https://www.thegrandwhiskyauction.com/lot-392834/ben-nevis-1996-refill-hogshead-168-bulk-l-50-abv-held-in-bond",34750,"Ben Nevis - 1996 Refill Hogshead - 168 Bulk L 50% ABV | Held In Bond",TRUE,"Scotland","Highlands",50,"Operational",150,"Great Britain Pound (£)",2022-07-11,75,1996-05-10,"Hogshead","Second Fill",NA,"Ben Nevis",2022-07-01,26,214.29,162.16,463.33,39093.75,182.43,521.25,"The Grand Whisky Auction"
"https://www.thegrandwhiskyauction.com/lot-502563/dalmore-2005-barrel-1497-bulk-at-559-in-bond-at-broxburn",32000,"Dalmore - 2005 Barrel - 149.7 Bulk @ 55.9% - In Bond At Broxburn",TRUE,"Scotland","Highlands",55.9,"Operational",149.7,"Great Britain Pound (£)",2023-05-23,83.68,2005-11-03,"Barrel",NA,NA,"Dalmore",2-01-01,17,213.86,149.63,382.41,36000,168.33,430.21,"The Grand Whisky Auction"
"https://www.thegrandwhiskyauction.com/lot-630884/port-charlotte-2004-refill-sherry-hogshead-251-bulk-l-559-held-in-bond-at-bruichladdich",29250,"Port Charlotte - 2004 Refill Sherry Hogshead - 251 Bulk L 55.9% | Held in bond at Bruichladdich",TRUE,"Scotland","Islay",55.9,"Operational",251,"Great Britain Pound (£)",2024-05-14,140.31,2004-09-24,"Hogshead","Second Fill","Sherry","Port Charlotte",2024-04-19,19,358.57,81.57,208.47,32906.25,91.77,234.53,"The Grand Whisky Auction"
"https://www.thegrandwhiskyauction.com/lot-552358/speyside-1995-butt-328-bulk-l-592-abv-held-in-bond-at-distillery",27000,"Speyside - 1995 Butt 328 Bulk L 59.2% ABV | Held In Bond at Distillery",TRUE,"Scotland","Speyside",59.2,"Operational",328,"Great Britain Pound (£)",2023-10-24,194.18,1995-08-22,"Butt",NA,NA,"Speyside",2023-07-26,28,468.57,57.62,139.05,30375,64.82,156.43,"The Grand Whisky Auction"
"https://www.thegrandwhiskyauction.com/lot-421942/bruichladdich-2012-mouton-rothschild-wine-hhd-198-bulk-l-614-held-in-bond-at-distillery",24250,"Bruichladdich - 2012 Mouton Rothschild Wine HHD - 198 Bulk L 61.4% | Held In Bond At Distillery",TRUE,"Scotland","Islay",61.4,"Operational",198,"Great Britain Pound (£)",2022-10-03,121.57,2012-07-02,NA,NA,"Wine","Bruichladdich",2022-09-02,10,282.86,85.73,199.47,27281.25,96.45,224.41,"The Grand Whisky Auction"
"https://www.thegrandwhiskyauction.com/lot-512326/bruichladdich-2010-rivesaltes-hogshead-215-bulk-l-571-held-in-bond-at-bruichladdich",23500,"Bruichladdich - 2010 Rivesaltes Hogshead - 215 Bulk L 57.1% | Held in bond at Bruichladdich",TRUE,"Scotland","Islay",57.1,"Operational",215,"Great Britain Pound (£)",2023-06-20,122.76,2010-09-13,"Hogshead",NA,"Wine","Bruichladdich",2023-05-11,12,307.14,76.51,191.43,26437.5,86.08,215.36,"The Grand Whisky Auction"
"https://www.thegrandwhiskyauction.com/lot-641559/speyside-1995-butt-350-bulk-l-622-abv-held-in-bond-at-distillery",20250,"Speyside - 1995 Butt 350 Bulk L 62.2% ABV | Held In Bond at Distillery",TRUE,"Scotland","Speyside",62.2,"Operational",350,"Great Britain Pound (£)",2024-06-12,217.7,1995-11-21,"Butt",NA,NA,"Speyside",23-01-01,28,500,40.5,93.02,22781.25,45.56,104.65,"The Grand Whisky Auction"
"https://www.thegrandwhiskyauction.com/lot-630882/bruichladdich-2004-refill-sherry-hogshead-250-bulk-l-597-held-in-bond-at-bruichladdich",17500,"Bruichladdich - 2004 Refill Sherry Hogshead - 250 Bulk L 59.7% | Held in bond at Bruichladdich",TRUE,"Scotland","Islay",59.7,"Operational",250,"Great Britain Pound (£)",2024-05-14,149.25,2004-11-25,"Hogshead","Second Fill","Sherry","Bruichladdich",2024-04-19,19,357.14,49,117.25,19687.5,55.13,131.91,"The Grand Whisky Auction"
"https://www.thegrandwhiskyauction.com/lot-562010/bruichladdich-2006-fresh-bourbon-barrel-150-bulk-l-607-held-in-bond-at-bruichladdich",17250,"Bruichladdich - 2006 Fresh Bourbon Barrel - 150 Bulk L 60.7% | Held in bond at Bruichladdich",TRUE,"Scotland","Islay",60.7,"Operational",150,"Great Britain Pound (£)",2023-11-21,91.05,2006-06-14,"Barrel","First Fill","Bourbon","Bruichladdich",2023-04-25,17,214.29,80.5,189.46,19406.25,90.56,213.14,"The Grand Whisky Auction"
"https://www.thegrandwhiskyauction.com/lot-652095/rhinns-2011-hogshead-178-bulk-l-587-held-in-bond-at-bruichladdich",17250,"Rhinns - 2011 Hogshead - 178 Bulk L 58.7% | Held In Bond At Bruichladdich",TRUE,"Scotland","Islay",58.7,"Operational",178,"Great Britain Pound (£)",2024-07-09,104.49,2011-10-12,"Hogshead",NA,NA,"Rhinns",2024-06-13,12,254.29,67.84,165.09,19406.25,76.32,185.72,"The Grand Whisky Auction"
"https://www.thegrandwhiskyauction.com/lot-313002/bruichladdich-2005-fresh-bourbon-barrel-156-bulk-l-566-held-in-bond",17000,"Bruichladdich - 2005 Fresh Bourbon Barrel - 156 Bulk L 56.6% | Held In Bond",TRUE,"Scotland","Islay",56.5,"Operational",156,"Great Britain Pound (£)",2021-11-15,88.14,2005-05-27,"Barrel","First Fill","Bourbon","Bruichladdich",2021-08-01,16,222.86,76.28,192.87,19125,85.82,216.98,"The Grand Whisky Auction"
"https://www.thegrandwhiskyauction.com/lot-182607/bruichladdich-2002-refill-hogshead-449-193-bulk-l-573-held-in-bond",16500,"Bruichladdich - 2002 Refill Hogshead #449 - 193 Bulk L 57.3% | Held In Bond",TRUE,"Scotland","Islay",57.3,"Operational",193,"Great Britain Pound (£)",2020-10-19,110.59,2002-07-15,"Hogshead","Second Fill",NA,"Bruichladdich",2020-10-01,18,275.71,59.85,149.2,18562.5,67.33,167.85,"The Grand Whisky Auction"
"https://www.thegrandwhiskyauction.com/lot-572712/bruichladdich-2011-fresh-bourbon-barrel-180-bulk-l-629-held-in-bond-at-bruichladdich",16000,"Bruichladdich - 2011 Fresh Bourbon Barrel - 180 Bulk L 62.9% | Held in bond at Bruichladdich",TRUE,"Scotland","Islay",62.9,"Operational",180,"Great Britain Pound (£)",2024-01-01,113.22,2011-01-26,"Barrel","First Fill","Bourbon","Bruichladdich",2023-06-12,12,257.14,62.22,141.32,18000,70,158.98,"The Grand Whisky Auction"
"https://www.thegrandwhiskyauction.com/lot-562000/bruichladdich-2007-fresh-bourbon-barrel-143-bulk-l-629-held-in-bond-at-bruichladdich",14250,"Bruichladdich - 2007 Fresh Bourbon Barrel - 143 Bulk L 62.9% | Held in bond at Bruichladdich",TRUE,"Scotland","Islay",62.9,"Operational",143,"Great Britain Pound (£)",2023-11-21,89.95,2007-06-22,"Barrel","First Fill","Bourbon","Bruichladdich",2023-04-25,16,204.29,69.75,158.42,16031.25,78.47,178.22,"The Grand Whisky Auction"
"https://www.thegrandwhiskyauction.com/lot-630883/bruichladdich-2005-fresh-bourbon-barrel-132-bulk-l-561-held-in-bond-at-bruichladdich",12000,"Bruichladdich - 2005 Fresh Bourbon Barrel - 132 Bulk L 56.1% | Held in bond at Bruichladdich",TRUE,"Scotland","Islay",56.1,"Operational",132,"Great Britain Pound (£)",2024-05-14,74.05,2005-06-16,"Barrel","First Fill","Bourbon","Bruichladdich",2024-04-19,18,188.57,63.64,162.05,13500,71.59,182.31,"The Grand Whisky Auction"
"https://www.thegrandwhiskyauction.com/lot-091217/tobermory-1995-hogshead-1749-held-in-bond",11250,"Tobermory - 1995 Hogshead #1749 | Held In Bond",TRUE,"Scotland","Islands",51.7,"Operational",173,"Great Britain Pound (£)",2019-12-16,89.44,1995-11-22,"Hogshead",NA,NA,"Tobermory",NA,24,247.14,45.52,125.78,12656.25,51.21,141.51,"The Grand Whisky Auction"
"https://www.thegrandwhiskyauction.com/lot-630314/bruichladdich-2011-fresh-bourbon-barrel-177-bulk-l-687-held-in-bond-at-bruichladdich",10000,"Bruichladdich - 2011 Fresh Bourbon Barrel - 177 Bulk L 68.7% | Held in bond at Bruichladdich",TRUE,"Scotland","Islay",68.7,"Operational",177,"Great Britain Pound (£)",2024-05-14,121.6,2011-09-21,"Barrel","First Fill","Bourbon","Bruichladdich",2024-03-19,12,252.86,39.55,82.24,11250,44.49,92.52,"The Grand Whisky Auction"
"https://www.thegrandwhiskyauction.com/lot-482904/dingle-2014-bourbon-barrel-420-160-bulk-l-6174-held-in-bond-at-distillery",9700,"Dingle - 2014 Bourbon Barrel #420 - 160 Bulk L 61.74% | Held In Bond At Distillery",TRUE,"Ireland","Ireland",61.7,"Operational",160,"Great Britain Pound (£)",2023-03-27,98.72,2014-03-31,"Barrel",NA,"Bourbon","Dingle",2023-02-13,8,228.57,42.44,98.26,10912.5,47.74,110.54,"The Grand Whisky Auction"
"https://www.thegrandwhiskyauction.com/lot-111051/bruichladdich-11-year-old-2009-fresh-fill-bourbon-144",9600,"Bruichladdich - 11 Year Old 2009 Fresh Fill Bourbon #144",TRUE,"Scotland","Islay",63.9,"Operational",177,"Great Britain Pound (£)",2020-03-08,113.1,2009-02-11,NA,"First Fill","Bourbon","Bruichladdich",NA,11,252.86,37.97,84.88,10800,42.71,95.49,"The Grand Whisky Auction"
"https://www.thegrandwhiskyauction.com/lot-101000/tobermory-1995-hogshead-1975-held-in-bond",8700,"Tobermory - 1995 Hogshead #1975 | Held In Bond",TRUE,"Scotland","Islands",53.5,"Operational",169,"Great Britain Pound (£)",2020-02-09,90.42,1995-12-14,"Hogshead",NA,NA,"Tobermory",NA,24,241.43,36.04,96.22,9787.5,40.54,108.24,"The Grand Whisky Auction"
"https://www.thegrandwhiskyauction.com/lot-161922/caol-ila-2008-hogshead-641-22192-bulk-l-593-held-in-bond",8600,"Caol Ila - 2008 Hogshead #641 - 221.92 Bulk L 59.3% | Held In Bond",TRUE,"Scotland","Islay",59.3,"Operational",221.92,"Great Britain Pound (£)",2020-08-10,131.6,2008-10-10,"Hogshead",NA,NA,"Caol Ila",2020-06-10,11,317.03,27.13,65.35,9675,30.52,73.52,"The Grand Whisky Auction"
"https://www.thegrandwhiskyauction.com/lot-432497/staoisha-2013-barrel-157-bulk-l-595-held-in-bond-at-whisky-broker",8300,"Staoisha - 2013 Barrel - 157 Bulk L 59.5% | Held In Bond At Whisky Broker",TRUE,NA,"Islay",59.5,"Operational",157,"Great Britain Pound (£)",2022-10-31,93.42,2013-10-10,"Barrel",NA,NA,"Staoisha",2022-09-15,9,224.29,37.01,88.85,9337.5,41.63,99.95,"The Grand Whisky Auction"
"https://www.thegrandwhiskyauction.com/lot-182609/glenfarclas-2011-1st-fill-bourbon-barrel-800418-16706-bulk-l-589-held-in-bond",7500,"Glenfarclas - 2011 1st Fill Bourbon Barrel #800418 - 167.06 Bulk L 58.9% | Held In Bond",FALSE,"Scotland","Speyside",58.9,"Operational",167.06,"Great Britain Pound (£)",2020-10-20,98.4,2011-11-23,"Barrel","First Fill","Bourbon","Glenfarclas",2020-09-21,8,238.66,31.43,76.22,8437.5,35.35,85.75,"The Grand Whisky Auction"
"https://www.thegrandwhiskyauction.com/lot-200529/tamdhu-2014-butt-7-50441-bulk-l-607-held-in-bond",7400,"Tamdhu - 2014 Butt #7 - 504.41 Bulk L 60.7% | Held In Bond",TRUE,"Scotland","Speyside",60.7,"Operational",504.41,"Great Britain Pound (£)",2020-12-14,306.18,2014-11-03,"Butt",NA,NA,"Tamdhu",2020-10-09,6,720.59,10.27,24.17,8325,11.55,27.19,"The Grand Whisky Auction"
"https://www.thegrandwhiskyauction.com/lot-161920/craigellachie-2014-2nd-fill-amontillado-sherry-butt-629-51133bulk-l-at-616-held-in-bond",7000,"Craigellachie - 2014 2nd fill Amontillado sherry butt #629 - 511.33Bulk L @ 61.6% | Held In Bond",FALSE,"Scotland","Speyside",61.6,"Operational",511.33,"Great Britain Pound (£)",2020-08-11,314.98,2014-05-11,NA,"Second Fill","Sherry","Craigellachie",2020-05-01,6,730.47,9.58,22.22,7875,10.78,25,"The Grand Whisky Auction"
"https://www.thegrandwhiskyauction.com/lot-180484/craigellachie-2014-2nd-fill-amontillado-sherry-butt-629-51133bulk-l-at-616-held-in-bond",7000,"Craigellachie - 2014 2nd fill Amontillado sherry butt #629 - 511.33Bulk L @ 61.6% | Held In Bond",TRUE,"Scotland","Speyside",61.6,"Operational",511.33,"Great Britain Pound (£)",2020-10-19,314.98,2014-05-11,NA,"Second Fill","Sherry","Craigellachie",2020-05-01,6,730.47,9.58,22.22,7875,10.78,25,"The Grand Whisky Auction"
"https://www.thegrandwhiskyauction.com/lot-161585/craigellachie-2007-hogshead-314608-202-bulk-l-593-held-in-bond",6500,"Craigellachie - 2007 Hogshead #314608 -  202 Bulk L 59.3% | Held In Bond",TRUE,"Scotland","Speyside",59.3,"Operational",202,"Great Britain Pound (£)",2020-08-10,119.79,2007-12-05,"Hogshead",NA,NA,"Craigellachie",2020-06-10,12,288.57,22.52,54.26,7312.5,25.34,61.04,"The Grand Whisky Auction"
"https://www.thegrandwhiskyauction.com/lot-190423/glenfarclas-2011-1st-fill-bourbon-barrel-800418-16706-bulk-l-589-held-in-bond",6500,"Glenfarclas - 2011 1st Fill Bourbon Barrel #800418 - 167.06 Bulk L 58.9% | Held In Bond",FALSE,"Scotland","Speyside",58.9,"Operational",167.06,"Great Britain Pound (£)",2020-11-17,98.4,2011-11-23,"Barrel","First Fill","Bourbon","Glenfarclas",2020-09-21,8,238.66,27.24,66.06,7312.5,30.64,74.31,"The Grand Whisky Auction"
"https://www.thegrandwhiskyauction.com/lot-182608/glenrothes-2013-refill-hogshead-1704-310-bulk-l-663-held-in-bond",6300,"Glenrothes - 2013 Refill Hogshead #1704 - 310 Bulk L 66.3% | Held In Bond",FALSE,"Scotland","Speyside",66.3,"Operational",310,"Great Britain Pound (£)",2020-10-20,205.53,2013-02-01,"Hogshead","Second Fill",NA,"Glenrothes",2020-09-17,7,442.86,14.23,30.65,7087.5,16,34.48,"The Grand Whisky Auction"
"https://www.thegrandwhiskyauction.com/lot-170464/craigellachie-2014-2nd-fill-amontillado-sherry-butt-629-51133bulk-l-at-616-held-in-bond",6000,"Craigellachie - 2014 2nd fill Amontillado sherry butt #629 - 511.33Bulk L @ 61.6% | Held In Bond",FALSE,"Scotland","Speyside",61.6,"Operational",511.33,"Great Britain Pound (£)",2020-09-15,314.98,2014-05-11,NA,"Second Fill","Sherry","Craigellachie",2020-05-01,6,730.47,8.21,19.05,6750,9.24,21.43,"The Grand Whisky Auction"
"https://www.thegrandwhiskyauction.com/lot-202775/heaven-hill-2009-barrel-3440927-176-bulk-l-663-held-in-bond",6000,"Heaven Hill - 2009 Barrel #3440927 - 176 Bulk L 66.3% | Held In Bond",FALSE,"USA","USA",66.3,"Operational",176,"Great Britain Pound (£)",2020-12-15,116.69,2009-01-01,"Barrel",NA,"Bourbon","Heaven Hill",2020-08-01,11,251.43,23.86,51.42,6750,26.85,57.85,"The Grand Whisky Auction"
"https://www.thegrandwhiskyauction.com/lot-193090/tamdhu-2014-butt-7-50441-bulk-l-607-held-in-bond",5700,"Tamdhu - 2014 Butt #7 - 504.41 Bulk L 60.7% | Held In Bond",FALSE,"Scotland","Speyside",60.7,"Operational",504.41,"Great Britain Pound (£)",2020-11-17,306.18,2014-11-03,"Butt",NA,NA,"Tamdhu",2020-10-09,6,720.59,7.91,18.62,6412.5,8.9,20.94,"The Grand Whisky Auction"
"https://www.thegrandwhiskyauction.com/lot-190422/glenrothes-2013-refill-hogshead-1704-217-bulk-l-663-held-in-bond",5000,"Glenrothes - 2013 Refill Hogshead #1704 - 217 Bulk L 66.3% | Held In Bond",FALSE,"Scotland","Speyside",66.3,"Operational",310,"Great Britain Pound (£)",2020-11-17,205.53,2013-02-01,"Hogshead","Second Fill",NA,"Glenrothes",2020-09-17,7,442.86,11.29,24.33,5625,12.7,27.37,"The Grand Whisky Auction"
"https://www.thegrandwhiskyauction.com/lot-193091/tomatin-new-1st-fill-bourbon-barrel-202021-tbc-bulk-200l-635-held-in-bond-charity-lot",4600,"Tomatin - New 1st Fill Bourbon Barrel 2020/21 #TBC - Bulk 200L 63.5% | Held In Bond (Charity Lot)",TRUE,"Scotland","Highlands",63.5,"Operational",200,"Great Britain Pound (£)",2020-11-16,127,NA,"Barrel","First Fill","Bourbon","Tomatin",NA,NA,285.71,16.1,36.22,5175,18.11,40.75,"The Grand Whisky Auction"
"https://www.thegrandwhiskyauction.com/lot-200330/glenrothes-2013-refill-hogshead-1704-217-bulk-l-663-held-in-bond",4450,"Glenrothes - 2013 Refill Hogshead #1704 - 217 Bulk L 66.3% | Held In Bond",TRUE,"Scotland","Speyside",66.3,"Operational",310,"Great Britain Pound (£)",2020-12-14,205.53,2013-02-01,"Hogshead","Second Fill",NA,"Glenrothes",2020-09-17,7,442.86,10.05,21.65,5006.25,11.3,24.36,"The Grand Whisky Auction"
"https://www.thegrandwhiskyauction.com/lot-161959/speyside-1994-hogshead-1477-78-bulk-l-508-held-in-bond",4300,"Speyside - 1994 Hogshead #1477 -  78 Bulk L 50.8% | Held In Bond",TRUE,"Scotland","Speyside",50.8,"Operational",78,"Great Britain Pound (£)",2020-08-10,39.62,1994-02-11,"Hogshead",NA,NA,"Speyside",2020-07-10,26,111.43,38.59,108.53,4837.5,43.41,122.1,"The Grand Whisky Auction"
"https://www.thegrandwhiskyauction.com/lot-151789/glenallachie-2015-bourbon-barrel-213-657-held-in-bond",4150,"Glenallachie - 2015 Bourbon Barrel #213 65.7% | Held In Bond",TRUE,"Scotland","Speyside",65.5,"Operational",94.26,"Great Britain Pound (£)",2020-07-13,61.74,2015-08-10,"Barrel",NA,"Bourbon","Glenallachie",2020-04-01,4,134.66,30.82,67.22,4668.75,34.67,75.62,"The Grand Whisky Auction"
"https://www.thegrandwhiskyauction.com/lot-610014/adnams-single-malt-1st-fill-french-oak-barrique-584",4100,"Adnams - Single Malt - 1st Fill French Oak Barrique #584",TRUE,"England","England",70.23,"Operational",167.18,"Great Britain Pound (£)",2023-12-14,117.41,NA,"Barrique","First Fill",NA,"Adnams",NA,NA,238.83,17.17,34.92,4612.5,19.31,39.29,"The Grand Whisky Auction"
"https://www.thegrandwhiskyauction.com/lot-610019/adnams-single-malt-1st-fill-french-oak-barrique-611",4100,"Adnams - Single Malt - 1st Fill French Oak Barrique #611",TRUE,"England","England",70.1,"Operational",168.86,"Great Britain Pound (£)",2023-12-14,118.37,NA,"Barrique","First Fill",NA,"Adnams",NA,NA,241.23,17,34.64,4612.5,19.12,38.97,"The Grand Whisky Auction"
"https://www.thegrandwhiskyauction.com/lot-200528/glen-garioch-2011-2754-bulk-171l-59-held-in-bond",4050,"Glen Garioch - 2011 #2754 - Bulk 171L 59% | Held In Bond",TRUE,"Scotland","Highlands",59,"Operational",171.86,"Great Britain Pound (£)",2020-12-14,101.4,2011-10-04,NA,NA,NA,"Glen Garioch",2020-10-08,9,245.51,16.5,39.94,4556.25,18.56,44.93,"The Grand Whisky Auction"
"https://www.thegrandwhiskyauction.com/lot-193088/glenrothes-2014-refill-hogshead-5415-2176-bulk-l-680-held-in-bond",4000,"Glenrothes - 2014 Refill Hogshead #5415 - 217.6 Bulk L 68.0% | Held In Bond",TRUE,"Scotland","Speyside",68,"Operational",217.6,"Great Britain Pound (£)",2020-11-16,147.97,2014-05-09,"Hogshead","Second Fill",NA,"Glenrothes",2020-10-09,6,310.86,12.87,27.03,4500,14.48,30.41,"The Grand Whisky Auction"
"https://www.thegrandwhiskyauction.com/lot-701999/adnams-single-malt-1st-fill-french-oak-barrique-584",4000,"Adnams - Single Malt - 1st Fill French Oak Barrique #584",FALSE,"England","England",70.23,"Operational",167.18,"Great Britain Pound (£)",2024-11-26,117.41,NA,"Barrique","First Fill",NA,"Adnams",NA,NA,238.83,16.75,34.07,4500,18.84,38.33,"The Grand Whisky Auction"
"https://www.thegrandwhiskyauction.com/lot-702000/adnams-single-malt-1st-fill-french-oak-barrique-590",4000,"Adnams - Single Malt - 1st Fill French Oak Barrique #590",FALSE,"England","England",70.39,"Operational",149.63,"Great Britain Pound (£)",2024-11-26,105.32,NA,"Barrique","First Fill",NA,"Adnams",NA,NA,213.76,18.71,37.98,4500,21.05,42.73,"The Grand Whisky Auction"
"https://www.thegrandwhiskyauction.com/lot-702001/adnams-single-malt-1st-fill-french-oak-barrique-610",4000,"Adnams - Single Malt - 1st Fill French Oak Barrique #610",FALSE,"England","England",71.26,"Operational",135.79,"Great Britain Pound (£)",2024-11-26,96.76,NA,"Barrique","First Fill",NA,"Adnams",NA,NA,193.99,20.62,41.34,4500,23.2,46.51,"The Grand Whisky Auction"
"https://www.thegrandwhiskyauction.com/lot-702002/adnams-single-malt-1st-fill-french-oak-barrique-611",4000,"Adnams - Single Malt - 1st Fill French Oak Barrique #611",TRUE,"England","England",70.1,"Operational",168.86,"Great Britain Pound (£)",2024-11-26,118.37,NA,"Barrique","First Fill",NA,"Adnams",NA,NA,241.23,16.58,33.79,4500,18.65,38.02,"The Grand Whisky Auction"
"https://www.thegrandwhiskyauction.com/lot-702003/adnams-2015-single-malt-1st-fill-oloroso-sherry-cask-6",4000,"Adnams - 2015 Single Malt - 1st Fill Oloroso Sherry Cask #6",TRUE,"England","England",64,"Operational",185,"Great Britain Pound (£)",2024-11-26,118.4,NA,NA,"First Fill","Sherry","Adnams",NA,NA,264.29,15.13,33.78,4500,17.03,38.01,"The Grand Whisky Auction"
"https://www.thegrandwhiskyauction.com/lot-200286/glenallachie-2015-bourbon-barrel-210-18635-bulk-l-652-held-in-bond",3900,"Glenallachie - 2015 Bourbon Barrel #210 - 186.35 Bulk L 65.2% | Held In Bond",TRUE,"Scotland","Speyside",65.2,"Operational",186.35,"Great Britain Pound (£)",2020-12-14,121.5,2015-08-10,"Barrel",NA,"Bourbon","Glenallachie",2020-04-01,5,266.21,14.65,32.1,4387.5,16.48,36.11,"The Grand Whisky Auction"
"https://www.thegrandwhiskyauction.com/lot-161921/glenallachie-2015-bourbon-barrel-210-18635-bulk-l-652-held-in-bond",3850,"Glenallachie - 2015 Bourbon Barrel #210 - 186.35 Bulk L 65.2% | Held In Bond",FALSE,"Scotland","Speyside",65.2,"Operational",186.35,"Great Britain Pound (£)",2020-08-11,121.5,2015-08-10,"Barrel",NA,"Bourbon","Glenallachie",2020-04-01,5,266.21,14.46,31.69,4331.25,16.27,35.65,"The Grand Whisky Auction"
"https://www.thegrandwhiskyauction.com/lot-610021/adnams-single-malt-1st-fill-french-oak-barrique-618",3750,"Adnams - Single Malt - 1st Fill French Oak Barrique #618",TRUE,"England","England",69.59,"Operational",172.8,"Great Britain Pound (£)",2023-12-14,120.25,NA,"Barrique","First Fill",NA,"Adnams",NA,NA,246.86,15.19,31.19,4218.75,17.09,35.08,"The Grand Whisky Auction"
"https://www.thegrandwhiskyauction.com/lot-170465/glenallachie-2015-bourbon-barrel-210-18635-bulk-l-652-held-in-bond",3700,"Glenallachie - 2015 Bourbon Barrel #210 - 186.35 Bulk L 65.2% | Held In Bond",FALSE,"Scotland","Speyside",65.2,"Operational",186.35,"Great Britain Pound (£)",2020-09-15,121.5,2015-08-10,"Barrel",NA,"Bourbon","Glenallachie",2020-04-01,5,266.21,13.9,30.45,4162.5,15.64,34.26,"The Grand Whisky Auction"
"https://www.thegrandwhiskyauction.com/lot-182606/benriach-2014-hogshead-25-23432-bulk-l-655-held-in-bond",3700,"BenRiach - 2014 Hogshead #25 - 234.32 Bulk L 65.5% | Held In Bond",FALSE,"Scotland","Speyside",65.5,"Operational",234.32,"Great Britain Pound (£)",2020-10-20,153.48,2014-07-04,"Hogshead",NA,NA,"Benriach",2020-09-24,6,334.74,11.05,24.11,4162.5,12.44,27.12,"The Grand Whisky Auction"
"https://www.thegrandwhiskyauction.com/lot-670992/adnams-2015-single-malt-1st-fill-oloroso-sherry-cask-6",3700,"Adnams - 2015 Single Malt - 1st Fill Oloroso Sherry Cask #6",TRUE,"England","England",64,"Operational",185,"Great Britain Pound (£)",2024-09-03,118.4,NA,NA,"First Fill","Sherry","Adnams",NA,NA,264.29,14,31.25,4162.5,15.75,35.16,"The Grand Whisky Auction"
"https://www.thegrandwhiskyauction.com/lot-190336/glenallachie-2015-bourbon-barrel-210-18635-bulk-l-652-held-in-bond",3500,"Glenallachie - 2015 Bourbon Barrel #210 - 186.35 Bulk L 65.2% | Held In Bond",FALSE,"Scotland","Speyside",65.2,"Operational",186.35,"Great Britain Pound (£)",2020-11-17,121.5,2015-08-10,"Barrel",NA,"Bourbon","Glenallachie",2020-04-01,5,266.21,13.15,28.81,3937.5,14.79,32.41,"The Grand Whisky Auction"
"https://www.thegrandwhiskyauction.com/lot-711572/adnams-single-malt-1st-fill-french-oak-barrique-584",3500,"Adnams - Single Malt - 1st Fill French Oak Barrique #584",FALSE,"England","England",70.23,"Operational",167.18,"Great Britain Pound (£)",2025-01-02,117.41,NA,"Barrique","First Fill",NA,"Adnams",NA,NA,238.83,14.65,29.81,3937.5,16.49,33.54,"The Grand Whisky Auction"
"https://www.thegrandwhiskyauction.com/lot-711573/adnams-single-malt-1st-fill-french-oak-barrique-590",3500,"Adnams - Single Malt - 1st Fill French Oak Barrique #590",FALSE,"England","England",70.39,"Operational",149.63,"Great Britain Pound (£)",2025-01-02,105.32,NA,"Barrique","First Fill",NA,"Adnams",NA,NA,213.76,16.37,33.23,3937.5,18.42,37.39,"The Grand Whisky Auction"
"https://www.thegrandwhiskyauction.com/lot-711574/adnams-single-malt-1st-fill-french-oak-barrique-610",3500,"Adnams - Single Malt - 1st Fill French Oak Barrique #610",FALSE,"England","England",71.26,"Operational",135.79,"Great Britain Pound (£)",2025-01-02,96.76,NA,"Barrique","First Fill",NA,"Adnams",NA,NA,193.99,18.04,36.17,3937.5,20.3,40.69,"The Grand Whisky Auction"
"https://www.thegrandwhiskyauction.com/lot-721418/adnams-single-malt-1st-fill-french-oak-barrique-584",3500,"Adnams - Single Malt - 1st Fill French Oak Barrique #584",FALSE,"England","England",70.23,"Operational",167.18,"Great Britain Pound (£)",2025-01-21,117.41,NA,"Barrique","First Fill",NA,"Adnams",NA,NA,238.83,14.65,29.81,3937.5,16.49,33.54,"The Grand Whisky Auction"
"https://www.thegrandwhiskyauction.com/lot-721419/adnams-single-malt-1st-fill-french-oak-barrique-590",3500,"Adnams - Single Malt - 1st Fill French Oak Barrique #590",FALSE,"England","England",70.39,"Operational",149.63,"Great Britain Pound (£)",2025-01-21,105.32,NA,"Barrique","First Fill",NA,"Adnams",NA,NA,213.76,16.37,33.23,3937.5,18.42,37.39,"The Grand Whisky Auction"
"https://www.thegrandwhiskyauction.com/lot-721420/adnams-single-malt-1st-fill-french-oak-barrique-610",3500,"Adnams - Single Malt - 1st Fill French Oak Barrique #610",FALSE,"England","England",71.26,"Operational",135.79,"Great Britain Pound (£)",2025-01-21,96.76,NA,"Barrique","First Fill",NA,"Adnams",NA,NA,193.99,18.04,36.17,3937.5,20.3,40.69,"The Grand Whisky Auction"
"https://www.thegrandwhiskyauction.com/lot-731210/adnams-single-malt-1st-fill-french-oak-barrique-584",3500,"Adnams - Single Malt - 1st Fill French Oak Barrique #584",FALSE,"England","England",70.23,"Operational",167.18,"Great Britain Pound (£)",2025-02-18,117.41,NA,"Barrique","First Fill",NA,"Adnams",NA,NA,238.83,14.65,29.81,3937.5,16.49,33.54,"The Grand Whisky Auction"
"https://www.thegrandwhiskyauction.com/lot-731211/adnams-single-malt-1st-fill-french-oak-barrique-590",3500,"Adnams - Single Malt - 1st Fill French Oak Barrique #590",FALSE,"England","England",70.39,"Operational",149.63,"Great Britain Pound (£)",2025-02-18,105.32,NA,"Barrique","First Fill",NA,"Adnams",NA,NA,213.76,16.37,33.23,3937.5,18.42,37.39,"The Grand Whisky Auction"
"https://www.thegrandwhiskyauction.com/lot-731212/adnams-single-malt-1st-fill-french-oak-barrique-610",3500,"Adnams - Single Malt - 1st Fill French Oak Barrique #610",FALSE,"England","England",71.26,"Operational",135.79,"Great Britain Pound (£)",2025-02-18,96.76,NA,"Barrique","First Fill",NA,"Adnams",NA,NA,193.99,18.04,36.17,3937.5,20.3,40.69,"The Grand Whisky Auction"
"https://www.thegrandwhiskyauction.com/lot-193087/glen-garioch-2011-2754-bulk-171l-59-held-in-bond",3250,"Glen Garioch - 2011 #2754 - Bulk 171L 59% | Held In Bond",FALSE,"Scotland","Highlands",59,"Operational",171.86,"Great Britain Pound (£)",2020-11-17,101.4,2011-10-04,NA,NA,NA,"Glen Garioch",2020-10-08,9,245.51,13.24,32.05,3656.25,14.89,36.06,"The Grand Whisky Auction"
"https://www.thegrandwhiskyauction.com/lot-610017/adnams-single-malt-1st-fill-french-oak-barrique-601",3250,"Adnams - Single Malt - 1st Fill French Oak Barrique #601",TRUE,"England","England",70.79,"Operational",163.58,"Great Britain Pound (£)",2023-12-14,115.8,NA,"Barrique","First Fill",NA,"Adnams",NA,NA,233.69,13.91,28.07,3656.25,15.65,31.57,"The Grand Whisky Auction"
"https://www.thegrandwhiskyauction.com/lot-172148/glen-moray-2015-barrel-253-16125-bulk-l-620-held-in-bond",3150,"Glen Moray - 2015 Barrel #253 -  161.25 Bulk L 62.0% | Held In Bond",TRUE,"Scotland","Speyside",62,"Operational",161.25,"Great Britain Pound (£)",2020-09-14,99.97,2015-06-03,"Barrel",NA,NA,"Glen Moray",2020-08-13,5,230.36,13.67,31.51,3543.75,15.38,35.45,"The Grand Whisky Auction"
"https://www.thegrandwhiskyauction.com/lot-610022/adnams-single-malt-1st-fill-french-oak-barrique-621",3150,"Adnams - Single Malt - 1st Fill French Oak Barrique #621",TRUE,"England","England",69.98,"Operational",170.78,"Great Britain Pound (£)",2023-12-14,119.51,NA,"Barrique","First Fill",NA,"Adnams",NA,NA,243.97,12.91,26.36,3543.75,14.53,29.65,"The Grand Whisky Auction"
"https://www.thegrandwhiskyauction.com/lot-443167/glen-moray-2015-barrel-14596-bulk-l-606-held-in-bond-at-whisky-broker",3050,"Glen Moray - 2015 Barrel - 145.96 Bulk L 60.6% | Held In Bond At Whisky Broker",TRUE,"Scotland","Speyside",60.6,NA,145,"Great Britain Pound (£)",2022-11-28,87.87,2015-06-03,"Barrel",NA,NA,"Glen Moray",2022-11-07,7,207.14,14.72,34.71,3431.25,16.56,39.05,"The Grand Whisky Auction"
"https://www.thegrandwhiskyauction.com/lot-610002/adnams-single-malt-1st-fill-french-oak-barrique-573",3050,"Adnams - Single Malt - 1st Fill French Oak Barrique #573",TRUE,"England","England",70.52,"Operational",163.35,"Great Britain Pound (£)",2023-12-14,115.19,NA,"Barrique","First Fill",NA,"Adnams",NA,NA,233.36,13.07,26.48,3431.25,14.7,29.79,"The Grand Whisky Auction"
"https://www.thegrandwhiskyauction.com/lot-610013/adnams-single-malt-1st-fill-french-oak-barrique-578",3050,"Adnams - Single Malt - 1st Fill French Oak Barrique #578",TRUE,"England","England",70.66,"Operational",158.51,"Great Britain Pound (£)",2023-12-14,112,NA,"Barrique","First Fill",NA,"Adnams",NA,NA,226.44,13.47,27.23,3431.25,15.15,30.64,"The Grand Whisky Auction"
"https://www.thegrandwhiskyauction.com/lot-610015/adnams-single-malt-1st-fill-french-oak-barrique-590",3050,"Adnams - Single Malt - 1st Fill French Oak Barrique #590",TRUE,"England","England",70.39,"Operational",149.63,"Great Britain Pound (£)",2023-12-14,105.32,NA,"Barrique","First Fill",NA,"Adnams",NA,NA,213.76,14.27,28.96,3431.25,16.05,32.58,"The Grand Whisky Auction"
"https://www.thegrandwhiskyauction.com/lot-610016/adnams-single-malt-1st-fill-french-oak-barrique-596",3050,"Adnams - Single Malt - 1st Fill French Oak Barrique #596",TRUE,"England","England",70.32,"Operational",162.11,"Great Britain Pound (£)",2023-12-14,114,NA,"Barrique","First Fill",NA,"Adnams",NA,NA,231.59,13.17,26.75,3431.25,14.82,30.1,"The Grand Whisky Auction"
"https://www.thegrandwhiskyauction.com/lot-670991/adnams-2015-single-malt-french-oak-barrique-482",3050,"Adnams - 2015 Single Malt - French Oak Barrique #482 ",TRUE,"England","England",64.7,"Operational",175,"Great Britain Pound (£)",2024-09-03,113.22,NA,"Barrique",NA,NA,"Adnams",NA,NA,250,12.2,26.94,3431.25,13.72,30.31,"The Grand Whisky Auction"
"https://www.thegrandwhiskyauction.com/lot-610020/adnams-single-malt-1st-fill-french-oak-barrique-612",3000,"Adnams - Single Malt - 1st Fill French Oak Barrique #612",TRUE,"England","England",70.39,"Operational",169.43,"Great Britain Pound (£)",2023-12-14,119.26,NA,"Barrique","First Fill",NA,"Adnams",NA,NA,242.04,12.39,25.16,3375,13.94,28.3,"The Grand Whisky Auction"
"https://www.thegrandwhiskyauction.com/lot-610023/adnams-single-malt-1st-fill-french-oak-barrique-623",3000,"Adnams - Single Malt - 1st Fill French Oak Barrique #623",TRUE,"England","England",70.27,"Operational",167.4,"Great Britain Pound (£)",2023-12-14,117.63,NA,"Barrique","First Fill",NA,"Adnams",NA,NA,239.14,12.54,25.5,3375,14.11,28.69,"The Grand Whisky Auction"
"https://www.thegrandwhiskyauction.com/lot-662114/adnams-single-malt-1st-fill-oloroso-sherry-cask-6",3000,"Adnams - Single Malt - 1st Fill Oloroso Sherry Cask #6",FALSE,"England","England",64,"Operational",185,"Great Britain Pound (£)",2024-08-06,118.4,NA,NA,"First Fill","Sherry","Adnams",NA,NA,264.29,11.35,25.34,3375,12.77,28.51,"The Grand Whisky Auction"
"https://www.thegrandwhiskyauction.com/lot-662115/adnams-single-malt-1st-fill-port-cask-5",3000,"Adnams - Single Malt - 1st Fill Port Cask #5",FALSE,"England","England",65,"Operational",185,"Great Britain Pound (£)",2024-08-06,120.25,NA,NA,"First Fill","Port","Adnams",NA,NA,264.29,11.35,24.95,3375,12.77,28.07,"The Grand Whisky Auction"
"https://www.thegrandwhiskyauction.com/lot-662116/adnams-single-malt-1st-fill-port-cask-6",3000,"Adnams - Single Malt - 1st Fill Port Cask #6",FALSE,"England","England",64.4,"Operational",180,"Great Britain Pound (£)",2024-08-06,115.92,NA,NA,"First Fill","Port","Adnams",NA,NA,257.14,11.67,25.88,3375,13.13,29.11,"The Grand Whisky Auction"
"https://www.thegrandwhiskyauction.com/lot-670993/adnams-2015-single-malt-1st-fill-port-cask-5",3000,"Adnams - 2015 Single Malt - 1st Fill Port Cask #5",TRUE,"England","England",65,"Operational",185,"Great Britain Pound (£)",2024-09-03,120.25,NA,NA,"First Fill","Port","Adnams",NA,NA,264.29,11.35,24.95,3375,12.77,28.07,"The Grand Whisky Auction"
"https://www.thegrandwhiskyauction.com/lot-670994/adnams-2015-single-malt-1st-fill-port-cask-6",3000,"Adnams - 2015 Single Malt - 1st Fill Port Cask #6",TRUE,"England","England",64.4,"Operational",180,"Great Britain Pound (£)",2024-09-03,115.92,NA,NA,"First Fill","Port","Adnams",NA,NA,257.14,11.67,25.88,3375,13.13,29.11,"The Grand Whisky Auction"
"https://www.thegrandwhiskyauction.com/lot-702405/adnams-2015-single-malt-french-oak-cask-497",3000,"Adnams - 2015 Single Malt - French Oak Cask #497",FALSE,"England","England",64.29,"Operational",176.85,"Great Britain Pound (£)",2024-11-26,113.7,NA,NA,NA,NA,"Adnams",NA,NA,252.64,11.87,26.39,3375,13.36,29.68,"The Grand Whisky Auction"
"https://www.thegrandwhiskyauction.com/lot-610018/adnams-single-malt-1st-fill-french-oak-barrique-610",2900,"Adnams - Single Malt - 1st Fill French Oak Barrique #610",TRUE,"England","England",71.26,"Operational",135.79,"Great Britain Pound (£)",2023-12-14,96.76,NA,"Barrique","First Fill",NA,"Adnams",NA,NA,193.99,14.95,29.97,3262.5,16.82,33.72,"The Grand Whisky Auction"
"https://www.thegrandwhiskyauction.com/lot-610008/adnams-triple-malt-1st-fill-american-oak-bourbon-barrel-514",2800,"Adnams - Triple Malt - 1st Fill American Oak Bourbon Barrel #514",TRUE,"England","England",66.51,"Operational",183.15,"Great Britain Pound (£)",2023-12-14,121.81,NA,"Barrel","First Fill","Bourbon","Adnams",NA,NA,261.64,10.7,22.99,3150,12.04,25.86,"The Grand Whisky Auction"
"https://www.thegrandwhiskyauction.com/lot-610010/adnams-triple-malt-1st-fill-american-oak-bourbon-barrel-516",2750,"Adnams - Triple Malt - 1st Fill American Oak Bourbon Barrel #516",TRUE,"England","England",67.56,"Operational",173.93,"Great Britain Pound (£)",2023-12-14,117.51,NA,"Barrel","First Fill","Bourbon","Adnams",NA,NA,248.47,11.07,23.4,3093.75,12.45,26.33,"The Grand Whisky Auction"
"https://www.thegrandwhiskyauction.com/lot-610011/adnams-triple-malt-1st-fill-american-oak-bourbon-barrel-517",2750,"Adnams - Triple Malt - 1st Fill American Oak Bourbon Barrel #517",TRUE,"England","England",67.42,"Operational",173.7,"Great Britain Pound (£)",2023-12-14,117.11,NA,"Barrel","First Fill","Bourbon","Adnams",NA,NA,248.14,11.08,23.48,3093.75,12.47,26.42,"The Grand Whisky Auction"
"https://www.thegrandwhiskyauction.com/lot-180485/glenallachie-2015-bourbon-barrel-210-18635-bulk-l-652-held-in-bond",2650,"Glenallachie - 2015 Bourbon Barrel #210 - 186.35 Bulk L 65.2% | Held In Bond",FALSE,"Scotland","Speyside",65.2,"Operational",186.35,"Great Britain Pound (£)",2020-10-20,121.5,2015-08-10,"Barrel",NA,"Bourbon","Glenallachie",2020-04-01,5,266.21,9.95,21.81,2981.25,11.2,24.54,"The Grand Whisky Auction"
"https://www.thegrandwhiskyauction.com/lot-610037/adnams-single-malt-jim-beam-1st-fill-american-oak-bourbon-barrel-113",2600,"Adnams - Single Malt - Jim Beam - 1st Fill American Oak Bourbon Barrel #113",TRUE,"England","England",66.74,"Operational",153.7,"Great Britain Pound (£)",2023-12-14,102.58,NA,"Barrel","First Fill","Bourbon","Adnams",NA,NA,219.57,11.84,25.35,2925,13.32,28.51,"The Grand Whisky Auction"
"https://www.thegrandwhiskyauction.com/lot-610025/adnams-single-malt-jim-beam-1st-fill-american-oak-bourbon-barrel-100",2500,"Adnams - Single Malt - Jim Beam - 1st Fill American Oak Bourbon Barrel #100",TRUE,"England","England",65.52,"Operational",147.4,"Great Britain Pound (£)",2023-12-14,96.58,NA,"Barrel","First Fill","Bourbon","Adnams",NA,NA,210.57,11.87,25.89,2812.5,13.36,29.12,"The Grand Whisky Auction"
"https://www.thegrandwhiskyauction.com/lot-610035/adnams-single-malt-jim-beam-1st-fill-american-oak-bourbon-barrel-111",2500,"Adnams - Single Malt - Jim Beam - 1st Fill American Oak Bourbon Barrel #111",TRUE,"England","England",67.89,"Operational",145.1,"Great Britain Pound (£)",2023-12-14,98.51,NA,"Barrel","First Fill","Bourbon","Adnams",NA,NA,207.29,12.06,25.38,2812.5,13.57,28.55,"The Grand Whisky Auction"
"https://www.thegrandwhiskyauction.com/lot-610036/adnams-single-malt-jim-beam-1st-fill-american-oak-bourbon-barrel-112",2500,"Adnams - Single Malt - Jim Beam - 1st Fill American Oak Bourbon Barrel #112",TRUE,"England","England",67.07,"Operational",149.5,"Great Britain Pound (£)",2023-12-14,100.27,NA,"Barrel","First Fill","Bourbon","Adnams",NA,NA,213.57,11.71,24.93,2812.5,13.17,28.05,"The Grand Whisky Auction"
"https://www.thegrandwhiskyauction.com/lot-610044/adnams-single-malt-jim-beam-1st-fill-american-oak-bourbon-barrel-120",2500,"Adnams - Single Malt - Jim Beam - 1st Fill American Oak Bourbon Barrel #120",TRUE,"England","England",66.54,"Operational",151.1,"Great Britain Pound (£)",2023-12-14,100.54,NA,"Barrel","First Fill","Bourbon","Adnams",NA,NA,215.86,11.58,24.87,2812.5,13.03,27.97,"The Grand Whisky Auction"
"https://www.thegrandwhiskyauction.com/lot-692339/annandale-2023-1st-fill-jim-beam-ex-bourbon-barrel-219-200-bulk-l-635-held-in-bond",2500,"Annandale - 2023 1st Fill Jim Beam Ex-Bourbon Barrel #219 - 200 Bulk L 63.5% | Held In Bond",TRUE,"Scotland","Lowlands",63.5,"Operational",200,"Great Britain Pound (£)",2024-10-29,127,NA,"Barrel","First Fill","Bourbon","Annandale",NA,NA,285.71,8.75,19.69,2812.5,9.84,22.15,"The Grand Whisky Auction"
"https://www.thegrandwhiskyauction.com/lot-692343/annandale-2023-1st-fill-jim-beam-ex-bourbon-barrel-220-200-bulk-l-635-held-in-bond",2500,"Annandale - 2023 1st Fill Jim Beam Ex-Bourbon Barrel #220 - 200 Bulk L 63.5% | Held In Bond",FALSE,"Scotland","Lowlands",63.5,"Operational",200,"Great Britain Pound (£)",2024-10-29,127,NA,"Barrel","First Fill","Bourbon","Annandale",NA,NA,285.71,8.75,19.69,2812.5,9.84,22.15,"The Grand Whisky Auction"
"https://www.thegrandwhiskyauction.com/lot-701463/annandale-2023-1st-fill-jim-beam-ex-bourbon-barrel-220-200-bulk-l-635-held-in-bond",2500,"Annandale - 2023 1st Fill Jim Beam Ex-Bourbon Barrel #220 - 200 Bulk L 63.5% | Held In Bond",FALSE,"Scotland","Lowlands",63.5,"Operational",200,"Great Britain Pound (£)",2024-11-26,127,NA,"Barrel","First Fill","Bourbon","Annandale",NA,NA,285.71,8.75,19.69,2812.5,9.84,22.15,"The Grand Whisky Auction"
"https://www.thegrandwhiskyauction.com/lot-702312/annandale-2023-1st-fill-jim-beam-ex-bourbon-barrel-221-200-bulk-l-635-held-in-bond",2500,"Annandale - 2023 1st Fill Jim Beam Ex-Bourbon Barrel #221 - 200 Bulk L 63.5% | Held In Bond",FALSE,"Scotland","Lowlands",63.5,"Operational",200,"Great Britain Pound (£)",2024-11-26,127,NA,"Barrel","First Fill","Bourbon","Annandale",NA,NA,285.71,8.75,19.69,2812.5,9.84,22.15,"The Grand Whisky Auction"
"https://www.thegrandwhiskyauction.com/lot-702313/annandale-2023-1st-fill-jim-beam-ex-bourbon-barrel-223-200-bulk-l-635-held-in-bond",2500,"Annandale - 2023 1st Fill Jim Beam Ex-Bourbon Barrel #223 - 200 Bulk L 63.5% | Held In Bond",FALSE,"Scotland","Lowlands",63.5,"Operational",200,"Great Britain Pound (£)",2024-11-26,127,NA,"Barrel","First Fill","Bourbon","Annandale",NA,NA,285.71,8.75,19.69,2812.5,9.84,22.15,"The Grand Whisky Auction"
"https://www.thegrandwhiskyauction.com/lot-710432/annandale-2023-1st-fill-jim-beam-ex-bourbon-barrel-224-200-bulk-l-635-held-in-bond",2500,"Annandale - 2023 1st Fill Jim Beam Ex-Bourbon Barrel #224 - 200 Bulk L 63.5% | Held In Bond",FALSE,"Scotland","Lowlands",63.5,"Operational",200,"Great Britain Pound (£)",2025-01-02,127,NA,"Barrel","First Fill","Bourbon","Annandale",NA,NA,285.71,8.75,19.69,2812.5,9.84,22.15,"The Grand Whisky Auction"
"https://www.thegrandwhiskyauction.com/lot-710433/annandale-2023-1st-fill-jim-beam-ex-bourbon-barrel-225-200-bulk-l-635-held-in-bond",2500,"Annandale - 2023 1st Fill Jim Beam Ex-Bourbon Barrel #225 - 200 Bulk L 63.5% | Held In Bond",FALSE,"Scotland","Lowlands",63.5,"Operational",200,"Great Britain Pound (£)",2025-01-02,127,NA,"Barrel","First Fill","Bourbon","Annandale",NA,NA,285.71,8.75,19.69,2812.5,9.84,22.15,"The Grand Whisky Auction"
"https://www.thegrandwhiskyauction.com/lot-711538/annandale-2023-1st-fill-jim-beam-ex-bourbon-barrel-220-200-bulk-l-635-held-in-bond",2500,"Annandale - 2023 1st Fill Jim Beam Ex-Bourbon Barrel #220 - 200 Bulk L 63.5% | Held In Bond",FALSE,"Scotland","Lowlands",63.5,"Operational",200,"Great Britain Pound (£)",2025-01-02,127,NA,"Barrel","First Fill","Bourbon","Annandale",NA,NA,285.71,8.75,19.69,2812.5,9.84,22.15,"The Grand Whisky Auction"
"https://www.thegrandwhiskyauction.com/lot-711578/annandale-2023-1st-fill-jim-beam-ex-bourbon-barrel-221-200-bulk-l-635-held-in-bond",2500,"Annandale - 2023 1st Fill Jim Beam Ex-Bourbon Barrel #221 - 200 Bulk L 63.5% | Held In Bond",FALSE,"Scotland","Lowlands",63.5,"Operational",200,"Great Britain Pound (£)",2025-01-02,127,NA,"Barrel","First Fill","Bourbon","Annandale",NA,NA,285.71,8.75,19.69,2812.5,9.84,22.15,"The Grand Whisky Auction"
"https://www.thegrandwhiskyauction.com/lot-711579/annandale-2023-1st-fill-jim-beam-ex-bourbon-barrel-223-200-bulk-l-635-held-in-bond",2500,"Annandale - 2023 1st Fill Jim Beam Ex-Bourbon Barrel #223 - 200 Bulk L 63.5% | Held In Bond",FALSE,"Scotland","Lowlands",63.5,"Operational",200,"Great Britain Pound (£)",2025-01-02,127,NA,"Barrel","First Fill","Bourbon","Annandale",NA,NA,285.71,8.75,19.69,2812.5,9.84,22.15,"The Grand Whisky Auction"
"https://www.thegrandwhiskyauction.com/lot-713948/adnams-single-malt-jim-beam-1st-fill-american-oak-bourbon-barrel-80",2500,"Adnams - Single Malt - Jim Beam - 1st Fill American Oak Bourbon Barrel #80",FALSE,"England","England",61.1,"Operational",130,"Great Britain Pound (£)",2025-01-02,79.43,NA,"Barrel","First Fill","Bourbon","Adnams",NA,NA,185.71,13.46,31.47,2812.5,15.14,35.41,"The Grand Whisky Auction"
"https://www.thegrandwhiskyauction.com/lot-713949/adnams-single-malt-jim-beam-1st-fill-american-oak-bourbon-barrel-76",2500,"Adnams - Single Malt - Jim Beam - 1st Fill American Oak Bourbon Barrel #76",FALSE,"England","England",63.5,"Operational",130,"Great Britain Pound (£)",2025-01-02,82.55,NA,"Barrel","First Fill","Bourbon","Adnams",NA,NA,185.71,13.46,30.28,2812.5,15.14,34.07,"The Grand Whisky Auction"
"https://www.thegrandwhiskyauction.com/lot-713950/adnams-single-malt-jim-beam-1st-fill-american-oak-bourbon-barrel-77",2500,"Adnams - Single Malt - Jim Beam - 1st Fill American Oak Bourbon Barrel #77",FALSE,"England","England",62.3,"Operational",130,"Great Britain Pound (£)",2025-01-02,80.99,NA,"Barrel","First Fill","Bourbon","Adnams",NA,NA,185.71,13.46,30.87,2812.5,15.14,34.73,"The Grand Whisky Auction"
"https://www.thegrandwhiskyauction.com/lot-713951/adnams-single-malt-jim-beam-1st-fill-american-oak-bourbon-barrel-78",2500,"Adnams - Single Malt - Jim Beam - 1st Fill American Oak Bourbon Barrel #78",FALSE,"England","England",62.1,"Operational",130,"Great Britain Pound (£)",2025-01-02,80.73,NA,"Barrel","First Fill","Bourbon","Adnams",NA,NA,185.71,13.46,30.97,2812.5,15.14,34.84,"The Grand Whisky Auction"
"https://www.thegrandwhiskyauction.com/lot-713952/adnams-single-malt-jim-beam-1st-fill-american-oak-bourbon-barrel-79",2500,"Adnams - Single Malt - Jim Beam - 1st Fill American Oak Bourbon Barrel #79",FALSE,"England","England",63.2,"Operational",120,"Great Britain Pound (£)",2025-01-02,75.84,NA,"Barrel","First Fill","Bourbon","Adnams",NA,NA,171.43,14.58,32.96,2812.5,16.41,37.08,"The Grand Whisky Auction"
"https://www.thegrandwhiskyauction.com/lot-713953/adnams-single-malt-1st-fill-french-oak-tight-grain-selection-cask-395",2500,"Adnams - Single Malt - 1st Fill French Oak Tight Grain Selection Cask #395",FALSE,"England","England",64.7,"Operational",150,"Great Britain Pound (£)",2025-01-02,97.05,NA,NA,"First Fill",NA,"Adnams",NA,NA,214.29,11.67,25.76,2812.5,13.12,28.98,"The Grand Whisky Auction"
"https://www.thegrandwhiskyauction.com/lot-713954/adnams-single-malt-1st-fill-french-oak-tight-grain-selection-cask-396",2500,"Adnams - Single Malt - 1st Fill French Oak Tight Grain Selection Cask #396",FALSE,"England","England",65.2,"Operational",160,"Great Britain Pound (£)",2025-01-02,104.32,NA,NA,"First Fill",NA,"Adnams",NA,NA,228.57,10.94,23.96,2812.5,12.3,26.96,"The Grand Whisky Auction"
"https://www.thegrandwhiskyauction.com/lot-713955/adnams-single-malt-1st-fill-french-oak-cask-957",2500,"Adnams - Single Malt - 1st Fill French Oak Cask #957",FALSE,"England","England",62.4,"Operational",175,"Great Britain Pound (£)",2025-01-02,109.2,NA,NA,"First Fill",NA,"Adnams",NA,NA,250,10,22.89,2812.5,11.25,25.76,"The Grand Whisky Auction"
"https://www.thegrandwhiskyauction.com/lot-713956/adnams-single-malt-1st-fill-french-oak-cask-958",2500,"Adnams - Single Malt - 1st Fill French Oak Cask #958",FALSE,"England","England",62.3,"Operational",170,"Great Britain Pound (£)",2025-01-02,105.91,NA,NA,"First Fill",NA,"Adnams",NA,NA,242.86,10.29,23.6,2812.5,11.58,26.56,"The Grand Whisky Auction"
"https://www.thegrandwhiskyauction.com/lot-713957/adnams-single-malt-1st-fill-french-oak-cask-959",2500,"Adnams - Single Malt - 1st Fill French Oak Cask #959",FALSE,"England","England",61.9,"Operational",150,"Great Britain Pound (£)",2025-01-02,92.85,NA,NA,"First Fill",NA,"Adnams",NA,NA,214.29,11.67,26.93,2812.5,13.12,30.29,"The Grand Whisky Auction"
"https://www.thegrandwhiskyauction.com/lot-610006/adnams-single-malt-heaven-hill-1st-fill-american-oak-bourbon-barrel-145",2300,"Adnams - Single Malt - Heaven Hill - 1st Fill American Oak Bourbon Barrel #145",TRUE,"England","England",67.2,"Operational",137,"Great Britain Pound (£)",2023-12-14,92.06,NA,"Barrel","First Fill","Bourbon","Adnams",NA,NA,195.71,11.75,24.98,2587.5,13.22,28.11,"The Grand Whisky Auction"
"https://www.thegrandwhiskyauction.com/lot-610038/adnams-single-malt-jim-beam-1st-fill-american-oak-bourbon-barrel-114",2300,"Adnams - Single Malt - Jim Beam - 1st Fill American Oak Bourbon Barrel #114",TRUE,"England","England",67.3,"Operational",135.2,"Great Britain Pound (£)",2023-12-14,90.99,NA,"Barrel","First Fill","Bourbon","Adnams",NA,NA,193.14,11.91,25.28,2587.5,13.4,28.44,"The Grand Whisky Auction"
"https://www.thegrandwhiskyauction.com/lot-610030/adnams-single-malt-jim-beam-1st-fill-american-oak-bourbon-barrel-106",2200,"Adnams - Single Malt - Jim Beam - 1st Fill American Oak Bourbon Barrel #106",TRUE,"England","England",66.39,"Operational",123.3,"Great Britain Pound (£)",2023-12-14,81.86,NA,"Barrel","First Fill","Bourbon","Adnams",NA,NA,176.14,12.49,26.88,2475,14.05,30.23,"The Grand Whisky Auction"
"https://www.thegrandwhiskyauction.com/lot-662112/adnams-single-malt-french-oak-barrique-482",2000,"Adnams - Single Malt - French Oak Barrique #482 ",FALSE,"England","England",64.7,"Operational",175,"Great Britain Pound (£)",2024-08-06,113.22,NA,"Barrique",NA,NA,"Adnams",NA,NA,250,8,17.66,2250,9,19.87,"The Grand Whisky Auction"
"https://www.thegrandwhiskyauction.com/lot-662113/adnams-single-malt-french-oak-barrique-468",2000,"Adnams - Single Malt - French Oak Barrique #468 ",TRUE,"England","England",68.1,"Operational",170,"Great Britain Pound (£)",2024-08-06,115.77,NA,"Barrique",NA,NA,"Adnams",NA,NA,242.86,8.24,17.28,2250,9.26,19.44,"The Grand Whisky Auction"
"https://www.thegrandwhiskyauction.com/lot-610041/adnams-single-malt-jim-beam-1st-fill-american-oak-bourbon-barrel-117",1900,"Adnams - Single Malt - Jim Beam - 1st Fill American Oak Bourbon Barrel #117",TRUE,"England","England",66.41,"Operational",104.7,"Great Britain Pound (£)",2023-12-14,69.53,NA,"Barrel","First Fill","Bourbon","Adnams",NA,NA,149.57,12.7,27.33,2137.5,14.29,30.74,"The Grand Whisky Auction"
"https://www.thegrandwhiskyauction.com/lot-610000/adnams-single-malt-heaven-hill-1st-fill-american-oak-bourbon-barrel-141",1600,"Adnams - Single Malt - Heaven Hill - 1st Fill American Oak Bourbon Barrel #141",TRUE,"England","England",70.2,"Operational",79.7,"Great Britain Pound (£)",2023-12-14,55.95,NA,"Barrel","First Fill","Bourbon","Adnams",NA,NA,113.86,14.05,28.6,1800,15.81,32.17,"The Grand Whisky Auction"
"https://www.thegrandwhiskyauction.com/lot-610012/adnams-triple-malt-1st-fill-american-oak-bourbon-barrel-518",1500,"Adnams - Triple Malt - 1st Fill American Oak Bourbon Barrel #518",TRUE,"England","England",68.85,"Operational",78.53,"Great Britain Pound (£)",2023-12-14,54.07,NA,"Barrel","First Fill","Bourbon","Adnams",NA,NA,112.19,13.37,27.74,1687.5,15.04,31.21,"The Grand Whisky Auction"
