"url","hammer_price","sold","auction_date","title","distillery","region","strength","distillery_status","cask_type","currency","bulk_litres","rla","filling_date","cask_filling","previous_spirit","regauged_date","age","bottles_at_cask_strength","buyer_price","buyer_price_per_bottle_at_cask_strength","buyer_price_per_litre_of_alcohol","country","auction_house"
"https://whiskyauctioneer.com/lot/1224-01/cask-port-charlotte-2004-fresh-bourbon-barrel-893-stored-bruichladdich",18500,TRUE,2025-01-06,"Port Charlotte 2004 Fresh Bourbon Barrel","Bruichladdich","Islay",50.4,"Operational","Barrel","Great Britain Pound (£)",148.61,74.9,2004-07-15,"First Fill","Bourbon",2024-10-01,20,212.3,20812.5,98.03,277.87,"Scotland","WhiskyAuctioneer"
"https://whiskyauctioneer.com/lot/1124-02a/cask-adnams-2011-jack-daniels-barrel-x15-stored-cadus-vaults",1000,FALSE,2025-01-06,"Adnams 201Jack Daniel's Barrel","Copper House","England",64.8,"Operational","Barrel","Great Britain Pound (£)",115.4,74.78,2011-10-07,NA,"Bourbon",2024-10-01,13,164.86,1125,6.82,15.04,"England","WhiskyAuctioneer"
"https://whiskyauctioneer.com/lot/1124-01a/cask-adnams-2015-french-oak-cask-496-stored-cadus-vaults",1000,FALSE,2025-01-06,"Adnams 2015 French Oak Cask","Copper House","England",64.29,"Operational",NA,"Great Britain Pound (£)",173.58,111.59,2015-07-15,NA,NA,2024-10-01,9,247.97,1125,4.54,10.08,"England","WhiskyAuctioneer"
"https://whiskyauctioneer.com/lot/1124-01/cask-copper-house-2015-french-oak-cask-496-stored-cadus-vaults",250,FALSE,2024-12-02,"Copper House 2015 French Oak Cask","Copper House","England",64.29,"Operational",NA,"Great Britain Pound (£)",173.58,111.59,2015-07-15,NA,NA,2024-10-01,9,247.97,281.25,1.13,2.52,"England","WhiskyAuctioneer"
"https://whiskyauctioneer.com/lot/0824-05a/cask-bruichladdich-2002-climens-hogshead-460-stored-bruichladdich",21500,TRUE,2024-12-02,"Bruichladdich 2002 Climens Hogshead","Bruichladdich","Islay",53.1,"Operational","Hogshead","Great Britain Pound (£)",217.14,115.3,NA,NA,"Wine",2024-06-01,NA,310.2,24187.5,77.97,209.78,"Scotland","WhiskyAuctioneer"
"https://whiskyauctioneer.com/lot/1124-03/cask-tobermory-1994-hogshead-381012-stored-deanston",22500,FALSE,2024-12-02,"Tobermory 1994 Hogshead","Tobermory","Islands",50.9,"Operational","Hogshead","Great Britain Pound (£)",141.84,72.2,1994-11-12,NA,NA,2024-11-12,30,202.63,25312.5,124.92,350.59,"Scotland","WhiskyAuctioneer"
"https://whiskyauctioneer.com/lot/0724-02b/cask-laphroaig-1998-butt-700042-stored-edrington",60000,FALSE,2024-12-02,"Laphroaig 1998 Butt","Laphroaig","Islay",56.8,"Operational","Butt","Great Britain Pound (£)",295,167.56,1998-03-25,NA,NA,2024-07-01,26,421.43,67500,160.17,402.84,"Scotland","WhiskyAuctioneer"
"https://whiskyauctioneer.com/lot/1124-02/cask-copper-house-2011-jack-daniels-barrel-x15-stored-cadus-vaults",1000,FALSE,2024-12-02,"Copper House 201Jack Daniel's Barrel","Copper House","England",64.8,"Operational","Barrel","Great Britain Pound (£)",115.4,74.78,2011-10-07,NA,"Bourbon",2024-10-01,13,164.86,1125,6.82,15.04,"England","WhiskyAuctioneer"
"https://whiskyauctioneer.com/lot/0724-02a/cask-laphroaig-1998-butt-700042-stored-edrington",90000,FALSE,2024-10-07,"Laphroaig 1998 Butt","Laphroaig","Islay",56.8,"Operational","Butt","Great Britain Pound (£)",295,167.56,1998-03-25,NA,NA,2024-07-01,26,421.43,101250,240.25,604.26,"Scotland","WhiskyAuctioneer"
"https://whiskyauctioneer.com/lot/0924-01/cask-dailuaine-2008-refill-bourbon-hogshead-90065091-stored-lowland-bond",3472,FALSE,2024-10-07,"Dailuaine 2008 Refill Bourbon Hogshead","Dailuaine","Speyside",59.3,"Operational","Hogshead","Great Britain Pound (£)",212.02,125.73,2008-12-18,"Second Fill","Bourbon",2024-07-01,15,302.89,3906,12.9,31.07,"Scotland","WhiskyAuctioneer"
"https://whiskyauctioneer.com/lot/0924-02/cask-dailuaine-2016-refill-bourbon-hogshead-305297-stored-lowland-bond",1750,FALSE,2024-10-07,"Dailuaine 2016 Refill Bourbon Hogshead","Dailuaine","Islay",61,"Operational","Hogshead","Great Britain Pound (£)",200,122,2016-05-19,"Second Fill","Bourbon",2024-07-01,8,285.71,1968.75,6.89,16.14,"Scotland","WhiskyAuctioneer"
"https://whiskyauctioneer.com/lot/0924-03/cask-port-dundas-2009-bourbon-hogshead-728279-stored-lowland-bond",2100,FALSE,2024-10-07,"Port Dundas 2009 Bourbon Hogshead","Port Dundas","Lowlands",63.8,"Closed","Hogshead","Great Britain Pound (£)",212.5,135.57,2009-11-16,NA,"Bourbon",2024-07-01,14,303.57,2362.5,7.78,17.43,"Scotland","WhiskyAuctioneer"
"https://whiskyauctioneer.com/lot/0924-04/cask-glenrothes-2016-refill-bourbon-hogshead-8259-stored-lowland-bond",3150,FALSE,2024-10-07,"Glenrothes 2016 Refill Bourbon Hogshead","Glenrothes","Speyside",66.8,"Operational","Hogshead","Great Britain Pound (£)",240.87,160.9,2016-09-01,"Second Fill","Bourbon",2024-07-01,8,344.1,3543.75,10.3,22.02,"Scotland","WhiskyAuctioneer"
"https://whiskyauctioneer.com/lot/0324-01b/cask-bruichladdich-2005-fresh-bourbon-barrel-396-stored-bruichladdich",14500,FALSE,2024-10-07,"Bruichladdich 2005 Fresh Bourbon Barrel","Bruichladdich","Islay",60.6,"Operational","Barrel","Great Britain Pound (£)",138.45,83.9,2005-06-01,"First Fill","Bourbon",NA,19,197.79,16312.5,82.47,194.43,"Scotland","WhiskyAuctioneer"
"https://whiskyauctioneer.com/lot/0524-03a/cask-jura-2009-hogshead-103352-stored-invergordon",7500,FALSE,2024-09-09,"Jura 2009 Hogshead","Jura","Islands",57.52,"Operational","Hogshead","Great Britain Pound (£)",131.43,75.6,2009-04-15,NA,NA,2024-05-01,15,187.76,8437.5,44.94,111.61,"Scotland","WhiskyAuctioneer"
"https://whiskyauctioneer.com/lot/0824-01/cask-ardmore-1998-hogshead-750723-stored-whisky-broker",15000,FALSE,2024-09-09,"Ardmore 1998 Hogshead","Ardmore","Highlands",50.9,"Operational","Hogshead","Great Britain Pound (£)",146.85,74.75,1998-05-27,NA,NA,NA,26,209.79,16875,80.44,225.75,"Scotland","WhiskyAuctioneer"
"https://whiskyauctioneer.com/lot/0824-02/cask-heaven-hill-2009-barrel-3440943-stored-inveralmond-bond",9100,TRUE,2024-09-09,"Heaven Hill 2009 Barrel","Heaven Hill Bernheim","Kentucky, USA",66.4,"Operational","Barrel","Great Britain Pound (£)",158.3,105.11,NA,NA,"Bourbon",NA,NA,226.14,10237.5,45.27,97.4,"USA","WhiskyAuctioneer"
"https://whiskyauctioneer.com/lot/0824-03/cask-heaven-hill-2009-barrel-3440944-stored-inveralmond-bond",8800,TRUE,2024-09-09,"Heaven Hill 2009 Barrel","Heaven Hill Bernheim","Kentucky, USA",65.6,"Operational","Barrel","Great Britain Pound (£)",147.8,96.96,NA,NA,"Bourbon",NA,NA,211.14,9900,46.89,102.1,"USA","WhiskyAuctioneer"
"https://whiskyauctioneer.com/lot/0824-04/cask-heaven-hill-2009-barrel-3440946-stored-inveralmond-bond",8800,TRUE,2024-09-09,"Heaven Hill 2009 Barrel","Heaven Hill Bernheim","Kentucky, USA",62.5,"Operational","Barrel","Great Britain Pound (£)",165.5,103.44,NA,NA,"Bourbon",NA,NA,236.43,9900,41.87,95.71,"USA","WhiskyAuctioneer"
"https://whiskyauctioneer.com/lot/0824-05/cask-bruichladdich-2002-climens-hogshead-460-stored-bruichladdich",17500,FALSE,2024-09-09,"Bruichladdich 2002 Climens Hogshead","Bruichladdich","Islay",53.1,"Operational","Hogshead","Great Britain Pound (£)",217.14,115.3,NA,NA,"Wine",2024-06-01,NA,310.2,19687.5,63.47,170.75,"Scotland","WhiskyAuctioneer"
"https://whiskyauctioneer.com/lot/0724-01/cask-port-charlotte-2003-refill-bourbon-barrel-cask-895-stored-bruichladdich",26501,NA,2024-08-05,"Port Charlotte 2003 Refill Bourbon Barrel Cask","Bruichladdich","Islay",51,"Operational","Barrel","Great Britain Pound (£)",150,76.5,2003-10-15,"Second Fill","Bourbon",2024-04-01,20,214.29,29813.62,139.13,389.72,"Scotland","WhiskyAuctioneer"
"https://whiskyauctioneer.com/lot/0724-02/cask-laphroaig-1998-butt-700042-stored-edrington",1e+05,FALSE,2024-08-05,"Laphroaig 1998 Butt","Laphroaig","Islay",49.1,"Operational","Butt","Great Britain Pound (£)",295,144.84,1998-03-25,NA,NA,2024-07-01,26,421.43,112500,266.95,776.72,"Scotland","WhiskyAuctioneer"
"https://whiskyauctioneer.com/lot/0624-01/cask-arran-1996-hogshead-96894-stored-lagg-distillery",21000,TRUE,2024-07-08,"Arran 1996 Hogshead","Lochranza","Islands",49.1,"Operational","Hogshead","Great Britain Pound (£)",166.1,81.56,1996-10-02,NA,NA,2024-04-01,27,237.29,23625,99.56,289.66,"Scotland","WhiskyAuctioneer"
"https://whiskyauctioneer.com/lot/0524-01/cask-longmorn-2013-hogshead-2805-stored-inveralmond-bond",6700,FALSE,2024-06-10,"Longmorn 2013 Hogshead","Longmorn","Speyside",62.7,"Operational","Hogshead","Great Britain Pound (£)",170,106.59,NA,NA,NA,NA,NA,242.86,7537.5,31.04,70.71,"Scotland","WhiskyAuctioneer"
"https://whiskyauctioneer.com/lot/0524-02/cask-longmorn-2013-hogshead-2804-stored-inveralmond-bond",6500,FALSE,2024-06-10,"Longmorn 2013 Hogshead","Longmorn","Speyside",61.8,"Operational","Hogshead","Great Britain Pound (£)",164.2,101.48,NA,NA,NA,NA,NA,234.57,7312.5,31.17,72.06,"Scotland","WhiskyAuctioneer"
"https://whiskyauctioneer.com/lot/0524-03/cask-jura-2009-hogshead-103352-stored-invergordon",6100,FALSE,2024-06-10,"Jura 2009 Hogshead","Jura","Islands",57.52,"Operational","Hogshead","Great Britain Pound (£)",131.6,75.7,2009-04-15,NA,NA,2024-05-01,15,188,6862.5,36.5,90.65,"Scotland","WhiskyAuctioneer"
"https://whiskyauctioneer.com/lot/0524-04/cask-jura-2009-hogshead-103353-stored-invergordon",6000,FALSE,2024-06-10,"Jura 2009 Hogshead","Jura","Islands",57.92,"Operational","Hogshead","Great Britain Pound (£)",146.9,85.08,2009-04-15,NA,NA,2024-05-01,15,209.86,6750,32.16,79.34,"Scotland","WhiskyAuctioneer"
"https://whiskyauctioneer.com/lot/0524-05/cask-orkney-single-malt-2008-hogshead-34-stored-edrington",5900,FALSE,2024-06-10,"Orkney Single Malt 2008 Hogshead","See Lot Description","Islands",63.8,"Operational","Hogshead","Great Britain Pound (£)",225.23,143.7,2008-12-04,NA,NA,NA,15,321.76,6637.5,20.63,46.19,"Scotland","WhiskyAuctioneer"
"https://whiskyauctioneer.com/lot/0524-06/cask-island-single-malt-2008-refill-butt-1-stored-whisky-broker",17500,FALSE,2024-06-10,"Island Single Malt 2008 Refill Butt","See Lot Description","Islands",64.5,"Operational","Butt","Great Britain Pound (£)",485.1,312.89,2008-12-03,"Second Fill",NA,NA,15,693,19687.5,28.41,62.92,"Scotland","WhiskyAuctioneer"
"https://whiskyauctioneer.com/lot/0524-07/cask-ardmore-1998-hogshead-750704-stored-whisky-broker",12500,FALSE,2024-06-10,"Ardmore 1998 Hogshead","Ardmore","Highlands",52.2,"Operational","Hogshead","Great Britain Pound (£)",118.83,62.03,1998-05-27,NA,NA,NA,26,169.76,14062.5,82.84,226.7,"Scotland","WhiskyAuctioneer"
"https://whiskyauctioneer.com/lot/0524-11/cask-fettercairn-1997-single-hogshead-1382-stored-north-star-spirits",16000,FALSE,2024-06-10,"Fettercairn 1997 Single Hogshead","Fettercairn","Highlands",55.4,"Operational","Hogshead","Great Britain Pound (£)",118.38,65.58,1997-03-01,NA,NA,NA,27,169.11,18000,106.44,274.47,"Scotland","WhiskyAuctioneer"
"https://whiskyauctioneer.com/lot/0524-10/cask-glen-garioch-2014-single-cask-7393-stored-north-british",2600,NA,2024-06-10,"Glen Garioch 2014 Single Cask","Glen Garioch","Highlands",56.4,"Operational",NA,"Great Britain Pound (£)",158.86,89.6,2014-01-01,NA,NA,NA,10,226.94,2925,12.89,32.65,"Scotland","WhiskyAuctioneer"
"https://whiskyauctioneer.com/lot/0524-08/cask-speyside-single-malt-glenrothes-2016-refill-hogshead-8261-stored-north-british",1350,FALSE,2024-06-10,"Speyside Single Malt (Glenrothes) 2016 Refill Hogshead","Glenrothes","Speyside",66.9,"Operational","Hogshead","Great Britain Pound (£)",222.86,149.09,2016-09-01,"Second Fill",NA,NA,7,318.37,1518.75,4.77,10.19,"Scotland","WhiskyAuctioneer"
"https://whiskyauctioneer.com/lot/0524-09/cask-speyside-single-malt-glenrothes-2016-refill-hogshead-8262-stored-north-british",1350,FALSE,2024-06-10,"Speyside Single Malt (Glenrothes) 2016 Refill Hogshead","Glenrothes","Speyside",67.9,"Operational","Hogshead","Great Britain Pound (£)",222.97,151.4,2016-09-01,"Second Fill",NA,NA,7,318.53,1518.75,4.77,10.03,"Scotland","WhiskyAuctioneer"
"https://whiskyauctioneer.com/lot/0324-01a/cask-bruichladdich-2005-fresh-bourbon-barrel-396-stored-bruichladdich",13000,FALSE,2024-05-06,"Bruichladdich 2005 Fresh Bourbon Barrel","Bruichladdich","Islay",60.9,"Operational","Barrel","Great Britain Pound (£)",143.51,87.4,2005-06-01,"First Fill","Bourbon",2024-02-01,18,205.01,14625,71.34,167.33,"Scotland","WhiskyAuctioneer"
"https://whiskyauctioneer.com/lot/2403exp2/cask-borders-2024-iwd-quarter-cask-stored-borders-distillery-demeter-collection",1499,NA,2024-04-08,"Borders 2024 IWD Quarter Cask","Borders","Lowlands",63.5,"Operational","Quarter Cask","Great Britain Pound (£)",89,56.52,NA,NA,NA,NA,NA,127.14,1686.38,13.26,29.84,"Scotland","WhiskyAuctioneer"
"https://whiskyauctioneer.com/lot/0324-01/cask-bruichladdich-2005-fresh-bourbon-barrel-396-stored-bruichladdich",15000,FALSE,2024-04-08,"Bruichladdich 2005 Fresh Bourbon Barrel","Bruichladdich","Islay",60.9,"Operational","Barrel","Great Britain Pound (£)",143.51,87.4,2005-06-01,"First Fill","Bourbon",2024-02-01,18,205.01,16875,82.31,193.08,"Scotland","WhiskyAuctioneer"
"https://whiskyauctioneer.com/lot/0324-02/cask-ardmore-1998-hogshead-750706-stored-whiskybroker",20000,FALSE,2024-04-08,"Ardmore 1998 Hogshead","Ardmore","Highlands",52.3,"Operational","Hogshead","Great Britain Pound (£)",148.32,77.57,1998-05-27,NA,NA,2024-03-01,25,211.89,22500,106.19,290.06,"Scotland","WhiskyAuctioneer"
"https://whiskyauctioneer.com/lot/0324-03/cask-islay-single-malt-1985-first-fill-bourbon-barrel-8-stored-inveralmond-bond",65000,FALSE,2024-04-08,"Islay Single Malt 1985 First Fill Bourbon Barrel","Bruichladdich","Islay",46.7,"Operational","Barrel","Great Britain Pound (£)",184.15,86,1985-12-31,"First Fill","Bourbon",NA,38,263.07,73125,277.97,850.29,"Scotland","WhiskyAuctioneer"
"https://whiskyauctioneer.com/lot/1123-06a/1-highland-single-malt-2003-refill-barrel-8-heavily-peated-cask-storage-dm-winchester",6000,FALSE,2024-01-08,"Highland Single Malt 2003 Refill Barrel","Bruichladdich","Highlands",54.4,"Operational","Barrel","Great Britain Pound (£)",280.35,152.51,2003-06-27,"Second Fill",NA,NA,20,400.5,6750,16.85,44.26,"Scotland","WhiskyAuctioneer"
"https://whiskyauctioneer.com/lot/1223-02/1-jura-1988-hogshead-1357-cask-storage-whiskybroker",25000,FALSE,2024-01-08,"Jura 1988 Hogshead","Jura","Islands",47.9,"Operational","Hogshead","Great Britain Pound (£)",149,71.37,1988-09-27,NA,NA,2023-05-23,35,212.86,28125,132.13,394.07,"Scotland","WhiskyAuctioneer"
"https://whiskyauctioneer.com/lot/1223-01/1-fettercairn-2008-1st-fill-amontillado-barrel-4647-cask-storage-whiskybroker",5500,FALSE,2024-01-08,"Fettercairn 2008 1st Fill Amontillado Barrel","Fettercairn","Highlands",54.8,"Operational","Barrel","Great Britain Pound (£)",144.25,79.05,2008-10-30,"First Fill","Sherry",2023-10-01,15,206.07,6187.5,30.03,78.27,"Scotland","WhiskyAuctioneer"
"https://whiskyauctioneer.com/lot/1223-03/1-tullibardine-2015-1st-fill-vin-santo-octave-650913-cask-storage-whiskybroker",1200,FALSE,2024-01-08,"Tullibardine 2015 1st Fill Vin Santo Octave","Tullibardine","Highlands",57.9,"Operational","Octave","Great Britain Pound (£)",57.51,33.3,NA,"First Fill","Wine",NA,NA,82.16,1350,16.43,40.54,"Scotland","WhiskyAuctioneer"
"https://whiskyauctioneer.com/lot/1223-04/1-port-charlotte-2008-fresh-bourbon-barrel-cask-3246-cask-storage-bruichladdich",19500,TRUE,2024-01-08,"Port Charlotte 2008 Fresh Bourbon Barrel Cask","Bruichladdich","Islay",59.9,"Operational","Barrel","Great Britain Pound (£)",160.27,96,2008-11-17,"First Fill","Bourbon",NA,15,228.96,21937.5,95.81,228.52,"Scotland","WhiskyAuctioneer"
"https://whiskyauctioneer.com/lot/1123-03/1-allt-bhainne-2009-hogshead-cask-29814-cask-storage-whisky-broker",13000,FALSE,2023-12-05,"Allt-A-Bhainne 2009 Hogshead Cask","Allt-A-Bhainne","Hogshead",63,"Operational","Hogshead","Great Britain Pound (£)",208.44,131.32,2009-04-03,NA,NA,2023-11-01,14,297.77,14625,49.12,111.37,"Hogshead","WhiskyAuctioneer"
"https://whiskyauctioneer.com/lot/1123-04/1-tomatin-2008-1st-fill-px-quarter-cask-900162-cask-storage-whiskybroker",8000,FALSE,2023-12-05,"Tomatin 2008 1st Fill PX Quarter Cask","Tomatin","Highlands",61.6,"Operational","Quarter Cask","Great Britain Pound (£)",116.59,71.82,2008-06-05,"First Fill",NA,2023-11-01,15,166.56,9000,54.03,125.31,"Scotland","WhiskyAuctioneer"
"https://whiskyauctioneer.com/lot/1123-05/1-tullibardine-2013-1st-fill-vino-santo-quarter-cask-6557301-cask-storage-whisky-broker",3400,FALSE,2023-12-05,"Tullibardine 2013 1st Fill Vino Santo Quarter Cask","Tullibardine","Highlands",58.8,"Operational","Quarter Cask","Great Britain Pound (£)",79.98,47.03,NA,"First Fill","Wine",NA,NA,114.26,3825,33.48,81.33,"Scotland","WhiskyAuctioneer"
"https://whiskyauctioneer.com/lot/1123-06/highland-single-malt-2003-refill-barrel-8-heavily-peated-cask-storage-dm-winchester",11000,FALSE,2023-12-05,"Highland Single Malt 2003 Refill Barrel","Bruichladdich","Highlands",54.4,"Operational","Barrel","Great Britain Pound (£)",280.35,152.51,2003-06-27,"Second Fill",NA,NA,20,400.5,12375,30.9,81.14,"Scotland","WhiskyAuctioneer"
"https://whiskyauctioneer.com/lot/1123-01/1-aberlour-1991-hogshead-9662-cask-storage-inveralmond-bond",14500,FALSE,2023-12-05,"Aberlour 199Hogshead","Aberlour","Speyside",41.3,"Operational","Hogshead","Great Britain Pound (£)",96.85,40,1991-02-20,NA,NA,NA,32,138.36,16312.5,117.9,407.81,"Scotland","WhiskyAuctioneer"
"https://whiskyauctioneer.com/lot/1123-02/1-tullibardine-2015-octave-cask-650935a-cask-storage-whisky-broker",1300,FALSE,2023-12-05,"Tullibardine 2015 Octave Cask","Tullibardine","Highlands",58.6,"Operational","Octave","Great Britain Pound (£)",47.8,28.01,2015-02-06,NA,NA,2023-11-01,8,68.29,1462.5,21.42,52.21,"Scotland","WhiskyAuctioneer"
"https://whiskyauctioneer.com/lot/1023-01/1-bruichladdich-2002-sherry-butt-000487-cask-storage-bruichladdich",55000,FALSE,2023-11-06,"Bruichladdich 2002 Sherry Butt","Bruichladdich","Islay",59.6,"Operational","Butt","Great Britain Pound (£)",406.54,242.3,2002-07-15,NA,"Sherry",2023-03-01,21,580.77,61875,106.54,255.37,"Scotland","WhiskyAuctioneer"
"https://whiskyauctioneer.com/lot/0823-01a/1-bruichladdich-2007-fresh-bourbon-barrel-1240-cask-storage-bruichladdich",10400,TRUE,2023-11-06,"Bruichladdich 2007 Fresh Bourbon Barrel","Bruichladdich","Islay",56.7,"Operational","Barrel","Great Britain Pound (£)",92.06,52.2,2007-06-22,"First Fill","Bourbon",NA,16,131.51,11700,88.97,224.14,"Scotland","WhiskyAuctioneer"
"https://whiskyauctioneer.com/lot/0823-01/1-bruichladdich-2007-fresh-bourbon-barrel-1240-cask-storage-bruichladdich",9400,FALSE,2023-09-04,"Bruichladdich 2007 Fresh Bourbon Barrel","Bruichladdich","Islay",56.7,"Operational","Barrel","Great Britain Pound (£)",92.06,52.2,2007-06-22,"First Fill","Bourbon",NA,16,131.51,10575,80.41,202.59,"Scotland","WhiskyAuctioneer"
"https://whiskyauctioneer.com/lot/0723-01/1-glen-moray-2008-cask-5676-cask-storage-young-spirits",4200,FALSE,2023-08-07,"Glen Moray 2008 Cask","Glen Moray","Speyside",51.94,"Operational",NA,"Great Britain Pound (£)",94.3,48.98,2008-10-29,NA,NA,2023-04-11,14,134.71,4725,35.08,96.47,"Scotland","WhiskyAuctioneer"
"https://whiskyauctioneer.com/lot/0723-02/1-royal-brackla-2008-cask-6611-cask-storage-young-spirits",6100,FALSE,2023-08-07,"Royal Brackla 2008 Cask","Royal Brackla","Highlands",61.5,"Operational",NA,"Great Britain Pound (£)",95.55,58.76,2008-12-14,NA,NA,2023-04-11,14,136.5,6862.5,50.27,116.79,"Scotland","WhiskyAuctioneer"
"https://whiskyauctioneer.com/lot/0723-03/1-ben-nevis-2013-cask-319-cask-storage-young-spirits",6100,FALSE,2023-08-07,"Ben Nevis 2013 Cask","Ben Nevis","Highlands",56.5,"Operational",NA,"Great Britain Pound (£)",130.71,73.85,2013-05-16,NA,NA,2023-04-11,10,186.73,6862.5,36.75,92.92,"Scotland","WhiskyAuctioneer"
"https://whiskyauctioneer.com/lot/0623-01/1-bruichladdich-2005-fresh-bourbon-barrel-1448-cask-storage-bruichladdich",20000,TRUE,2023-07-10,"Bruichladdich 2005 Fresh Bourbon Barrel","Bruichladdich","Islay",60.8,"Operational","Barrel","Great Britain Pound (£)",126.97,77.2,2005-09-21,"First Fill","Bourbon",2023-02-01,17,181.39,22500,124.04,291.45,"Scotland","WhiskyAuctioneer"
"https://whiskyauctioneer.com/lot/0623-02/1-benrinnes-2014-single-hogshead-319475-cask-storage-nosbc",9000,FALSE,2023-07-10,"Benrinnes 2014 Single Hogshead","Benrinnes","Speyside",57.6,"Operational","Hogshead","Great Britain Pound (£)",185.94,107.1,2014-11-27,NA,NA,NA,8,265.63,10125,38.12,94.54,"Scotland","WhiskyAuctioneer"
"https://whiskyauctioneer.com/lot/0323-01/1-ardmore-2009-ex-laphroaig-cask-709382-cask-storage-whisky-broker",6500,TRUE,2023-04-10,"Ardmore 2009 ex-Laphroaig Cask","Ardmore","Highlands",61.8,"Operational",NA,"Great Britain Pound (£)",144.88,89.54,2009-12-16,NA,NA,2023-03-01,13,206.97,7312.5,35.33,81.67,"Scotland","WhiskyAuctioneer"
"https://whiskyauctioneer.com/lot/0323-02/1-balmenach-2016-barrel-123-cask-storage-whisky-broker",2100,FALSE,2023-04-10,"Balmenach 2016 Barrel","Balmenach","Speyside",62.1,"Operational","Barrel","Great Britain Pound (£)",154.82,96.14,2016-02-01,NA,NA,2023-03-01,7,221.17,2362.5,10.68,24.57,"Scotland","WhiskyAuctioneer"
"https://whiskyauctioneer.com/lot/0323-03/1-glen-elgin-2015-hogshead-800021-cask-storage-whisky-broker",3100,FALSE,2023-04-10,"Glen Elgin 2015 Hogshead","Glen Elgin","Speyside",60.2,"Operational","Hogshead","Great Britain Pound (£)",221.05,133.07,2015-03-01,NA,NA,2023-03-01,8,315.79,3487.5,11.04,26.21,"Scotland","WhiskyAuctioneer"
"https://whiskyauctioneer.com/lot/0323-04/1-orkney-single-malt-2008-butt-1-cask-storage-whisky-broker",25000,TRUE,2023-04-10,"Orkney Single Malt 2008 Butt","Bruichladdich","Islands",65.3,"Operational","Butt","Great Britain Pound (£)",486.47,317.66,2008-08-01,NA,NA,2023-03-01,14,694.96,28125,40.47,88.54,"Scotland","WhiskyAuctioneer"
"https://whiskyauctioneer.com/lot/0323-05/1-williamson-2014-hogshead-294-cask-storage-whisky-broker",17000,FALSE,2023-04-10,"'Williamson' 2014 Hogshead","Bruichladdich","Islay",66.7,"Operational","Hogshead","Great Britain Pound (£)",196.4,131,2014-01-01,NA,NA,2023-03-01,9,280.57,19125,68.16,145.99,"Scotland","WhiskyAuctioneer"
"https://whiskyauctioneer.com/lot/0223-01/1-glen-ord-2012-bourbon-cask-800260-cask-storage-whisky-broker",7700,TRUE,2023-03-06,"Glen Ord 2012 Bourbon Cask","Glen Ord","Highlands",61.2,"Operational",NA,"Great Britain Pound (£)",167.76,102.67,2012-12-19,NA,"Bourbon",NA,10,239.66,8662.5,36.14,84.37,"Scotland","WhiskyAuctioneer"
"https://whiskyauctioneer.com/lot/0223-02/1-craigellachie-2007-px-quarter-cask-90050593-cask-storage-dm-winchester-coleburn",7107,FALSE,2023-03-06,"Craigellachie 2007 PX Quarter Cask","Craigellachie","Speyside",53.5,"Operational","Quarter Cask","Great Britain Pound (£)",183.66,98.26,2007-12-12,NA,NA,NA,15,262.37,7995.38,30.47,81.37,"Scotland","WhiskyAuctioneer"
"https://whiskyauctioneer.com/lot/0223-03/1-tullibardine-2015-vin-santo-octave-cask-6509132-cask-storage-whisky-broker",1600,FALSE,2023-03-06,"Tullibardine 2015 Vin Santo Octave Cask","Tullibardine","Highlands",60.8,"Operational","Octave","Great Britain Pound (£)",58.91,35.82,2015-01-01,NA,"Wine",2023-01-01,8,84.16,1800,21.39,50.25,"Scotland","WhiskyAuctioneer"
"https://whiskyauctioneer.com/lot/0722-01a/1-aultmore-2012-barrel-800973-cask-storage-beam-suntory",3400,FALSE,2023-03-06,"Aultmore 2012 Barrel","Aultmore","Speyside",63.4,"Operational","Barrel","Great Britain Pound (£)",120.7,76.52,2012-05-29,NA,NA,NA,10,172.43,3825,22.18,49.99,"Scotland","WhiskyAuctioneer"
"https://whiskyauctioneer.com/lot/1222-01/1-port-charlotte-2008-fresh-bourbon-hogshead-cask-3245-cask-storage-whisky-broker",25500,TRUE,2023-01-09,"Port Charlotte 2008 Fresh Bourbon Hogshead Cask","Bruichladdich","Islay",60.8,"Operational","Hogshead","Great Britain Pound (£)",132.11,80.32,2008-11-17,"First Fill","Bourbon",NA,14,188.73,28687.5,152,357.17,"Scotland","WhiskyAuctioneer"
"https://whiskyauctioneer.com/lot/0922-01/1-strathmill-2009-first-fill-oloroso-quarter-cask-800835-cask-storage-whisky-broker",3500,FALSE,2022-10-10,"Strathmill 2009 First Fill Oloroso Quarter Cask","Strathmill","Speyside",58.5,"Operational","Quarter Cask","Great Britain Pound (£)",103.71,60.67,2009-02-03,"First Fill","Sherry",NA,13,148.16,3937.5,26.58,64.9,"Scotland","WhiskyAuctioneer"
"https://whiskyauctioneer.com/lot/0822-03/1-glen-garioch-2011-bourbon-barrel-2756-cask-storage-north-british-distillery-co",6300,TRUE,2022-09-05,"Glen Garioch 201Bourbon Barrel","Glen Garioch","Highlands",63.5,"Operational","Barrel","Great Britain Pound (£)",NA,NA,2011-10-04,NA,"Bourbon",NA,10,NA,7087.5,NA,NA,"Scotland","WhiskyAuctioneer"
"https://whiskyauctioneer.com/lot/0822-06/1-orkney-single-malt-2008-single-refill-butt-2-cask-storage-whiskybroker",21600,FALSE,2022-09-05,"Orkney Single Malt 2008 Single Refill Butt","See Lot Description","Islands",63.6,"Operational","Butt","Great Britain Pound (£)",471.38,299.8,2008-12-04,"Second Fill",NA,2020-10-01,13,673.4,24300,36.09,81.05,"Scotland","WhiskyAuctioneer"
"https://whiskyauctioneer.com/lot/0822-08/1-jura-1992-hogshead-5486-cask-storage-whiskybroker",20300,NA,2022-09-05,"Jura 1992 Hogshead","Jura","Islands",42.6,"Operational","Hogshead","Great Britain Pound (£)",102.32,43.59,1992-01-01,NA,NA,18-01-01,30,146.17,22837.5,156.24,523.92,"Scotland","WhiskyAuctioneer"
"https://whiskyauctioneer.com/lot/0722-01/1-aultmore-2012-barrel-800973-cask-storage-beam-suntory",4000,TRUE,2022-08-08,"Aultmore 2012 Barrel","Aultmore","Speyside",63.4,"Operational","Barrel","Great Britain Pound (£)",120.7,76.52,2012-05-29,NA,NA,NA,10,172.43,4500,26.1,58.81,"Scotland","WhiskyAuctioneer"
"https://whiskyauctioneer.com/lot/0622-01/1-bruichladdich-2002-sherry-hogshead-427-cask-storage-bruichladdich",40500,TRUE,2022-07-04,"Bruichladdich 2002 Sherry Hogshead","Bruichladdich","Islay",57.2,"Operational","Hogshead","Great Britain Pound (£)",169.23,96.8,2002-06-28,NA,"Sherry",2022-05-01,20,241.76,45562.5,188.46,470.69,"Scotland","WhiskyAuctioneer"
"https://whiskyauctioneer.com/lot/0622-02/1-craigellachie-2007-px-quarter-cask-90050593-cask-storage-coleburn",8000,FALSE,2022-07-04,"Craigellachie 2007 PX Quarter Cask","Craigellachie","Speyside",54.31,"Operational","Quarter Cask","Great Britain Pound (£)",102.2,55.5,2007-12-12,NA,NA,NA,14,146,9000,61.64,162.16,"Scotland","WhiskyAuctioneer"
"https://whiskyauctioneer.com/lot/0622-03/1-craigellachie-2007-oloroso-quarter-cask-90050596-cask-storage-coleburn",4400,FALSE,2022-07-04,"Craigellachie 2007 Oloroso Quarter Cask","Craigellachie","Speyside",54.05,"Operational","Quarter Cask","Great Britain Pound (£)",102.8,55.56,2007-12-12,NA,"Sherry",NA,14,146.86,4950,33.71,89.09,"Scotland","WhiskyAuctioneer"
"https://whiskyauctioneer.com/lot/0522-01/1-ardbeg-1994-refill-bourbon-hogshead-cask-storage-whiskybroker",205000,TRUE,2022-06-06,"Ardbeg 1994 Refill Bourbon Hogshead","Ardbeg","Islay",51.9,"Operational","Hogshead","Great Britain Pound (£)",156.45,81.2,1994-05-19,"Second Fill","Bourbon",2022-03-15,28,223.5,230625,1031.88,2840.21,"Scotland","WhiskyAuctioneer"
"https://whiskyauctioneer.com/lot/0522-02/1-craigellachie-2012-px-barrique-900311-cask-storage-coleburn",12000,TRUE,2022-06-06,"Craigellachie 2012 PX Barrique","Craigellachie","Speyside",59.55,"Operational","Barrique","Great Britain Pound (£)",190,113.14,2012-05-07,NA,NA,NA,10,271.43,13500,49.74,119.32,"Scotland","WhiskyAuctioneer"
"https://whiskyauctioneer.com/lot/0522-03/1-macallan-1989-bourbon-hogshead-5439-cask-storage-loch-lomond",92500,TRUE,2022-06-06,"Macallan 1989 Bourbon Hogshead","Macallan","Speyside",40.7,"Operational","Hogshead","Great Britain Pound (£)",113,45.99,1989-04-06,NA,"Bourbon",2022-05-01,33,161.43,104062.5,644.63,2262.72,"Scotland","WhiskyAuctioneer"
"https://whiskyauctioneer.com/lot/0322-01a/1-tullibardine-2015-refill-bourbon-cask-650940-%C2%A0cask-storage-north-british-distillery",1800,TRUE,2022-05-02,"Tullibardine 2015 Refill Bourbon Cask","Tullibardine","Highlands",61,"Operational",NA,"Great Britain Pound (£)",164,100.04,2015-02-03,"Second Fill","Bourbon",2021-12-01,7,234.29,2025,8.64,20.24,"Scotland","WhiskyAuctioneer"
"https://whiskyauctioneer.com/lot/0322-02a/1-tullibardine-2015-refill-bourbon-cask-650941-%C2%A0cask-storage-north-british-distillery",1750,TRUE,2022-05-02,"Tullibardine 2015 Refill Bourbon Cask","Tullibardine","Highlands",60.9,"Operational",NA,"Great Britain Pound (£)",152,92.57,2015-02-03,"Second Fill","Bourbon",2021-12-01,7,217.14,1968.75,9.07,21.27,"Scotland","WhiskyAuctioneer"
"https://whiskyauctioneer.com/lot/0322-04a/1-glentauchers-2007-hogshead-900856-cask-storage-craigton",6800,TRUE,2022-05-02,"Glentauchers 2007 Hogshead","Glentauchers","Speyside",61.3,"Operational","Hogshead","Great Britain Pound (£)",137.8,84.47,2007-12-06,NA,NA,2002-02-25,14,196.86,7650,38.86,90.56,"Scotland","WhiskyAuctioneer"
"https://whiskyauctioneer.com/lot/0422-01/1-hazelburn-1997-fresh-rum-02232-7-cask-storage-springbank",43000,TRUE,2022-05-02,"Hazelburn 1997 Fresh Rum","Springbank","Campbeltown",51.8,"Operational",NA,"Great Britain Pound (£)",82.24,42.6,1997-01-01,"First Fill","Rum",2022-02-15,25,117.49,48375,411.74,1135.56,"Scotland","WhiskyAuctioneer"
"https://whiskyauctioneer.com/lot/0422-02/1-fettercairn-2008-1st-fill-oloroso-barrique-46522008-cask-storage-whiskybroker",10000,TRUE,2022-05-02,"Fettercairn 2008 1st Fill Oloroso Barrique","Fettercairn","Highlands",56.6,"Operational","Barrique","Great Britain Pound (£)",146.64,83,2008-10-30,"First Fill","Sherry",NA,13,209.49,11250,53.7,135.54,"Scotland","WhiskyAuctioneer"
"https://whiskyauctioneer.com/lot/0422-03/1-tormore-2013-px-quarter-cask-6158a-cask-storage-whiskybroker",2350,FALSE,2022-05-02,"Tormore 2013 PX Quarter Cask","Tormore","Speyside",64.3,"Operational","Quarter Cask","Great Britain Pound (£)",115.09,74,2013-12-05,NA,NA,NA,8,164.41,2643.75,16.08,35.73,"Scotland","WhiskyAuctioneer"
"https://whiskyauctioneer.com/lot/0222-06a/1-glen-spey-2009-oloroso-quarter-cask-806182a-cask-storage-whiskybroker",3000,FALSE,2022-04-04,"Glen Spey 2009 Oloroso Quarter Cask","Glen Spey","Speyside",60.4,"Operational","Quarter Cask","Great Britain Pound (£)",102.65,62,2009-10-20,NA,"Sherry",NA,12,146.64,3375,23.02,54.44,"Scotland","WhiskyAuctioneer"
"https://whiskyauctioneer.com/lot/0322-01/1-tullibardine-2015-refill-bourbon-cask-650940-%C2%A0cask-storage-north-british-distillery-co",1100,FALSE,2022-04-04,"Tullibardine 2015 Refill Bourbon Cask","Tullibardine","Highlands",61,"Operational",NA,"Great Britain Pound (£)",164,100.04,2015-02-03,"Second Fill","Bourbon",2021-12-01,7,234.29,1237.5,5.28,12.37,"Scotland","WhiskyAuctioneer"
"https://whiskyauctioneer.com/lot/0322-02/1-tullibardine-2015-refill-bourbon-cask-650941-%C2%A0cask-storage-north-british-distillery-co",1100,FALSE,2022-04-04,"Tullibardine 2015 Refill Bourbon Cask","Tullibardine","Highlands",60.9,"Operational",NA,"Great Britain Pound (£)",152,92.57,2015-02-03,"Second Fill","Bourbon",2021-12-01,7,217.14,1237.5,5.7,13.37,"Scotland","WhiskyAuctioneer"
"https://whiskyauctioneer.com/lot/0322-03/1-invergordon-1988-1st-fill-oloroso-hogshead-8990-cask-storage-whiskybroker",12500,FALSE,2022-04-04,"Invergordon 1988 1st fill Oloroso Hogshead","Invergordon","Highlands",47.8,"Operational","Hogshead","Great Britain Pound (£)",222.68,106.44,1988-01-01,"First Fill","Sherry",2022-02-01,34,318.11,14062.5,44.21,132.12,"Scotland","WhiskyAuctioneer"
"https://whiskyauctioneer.com/lot/0322-04/1-glentauchers-2007-hogshead-900856-cask-storage-craigton",5800,FALSE,2022-04-04,"Glentauchers 2007 Hogshead","Glentauchers","Speyside",61.3,"Operational","Hogshead","Great Britain Pound (£)",137.8,84.47,2007-12-06,NA,NA,2002-02-25,14,196.86,6525,33.15,77.25,"Scotland","WhiskyAuctioneer"
"https://whiskyauctioneer.com/lot/0322-05/1-craigellachie-2010-1st-fill-oloroso-barrique-900191-cask-storage-whiskybroker",10000,FALSE,2022-04-04,"Craigellachie 2010 1st Fill Oloroso Barrique","Craigellachie","Speyside",65.2,"Operational","Barrique","Great Britain Pound (£)",198.71,129.56,2010-05-03,"First Fill","Sherry",NA,11,283.87,11250,39.63,86.83,"Scotland","WhiskyAuctioneer"
"https://whiskyauctioneer.com/lot/0322-07/1-tullibardine-2012-first-fill-oloroso-barrique-651252-cask-storage-whiskybroker",5500,TRUE,2022-04-04,"Tullibardine 2012 First Fill Oloroso Barrique","Tullibardine","Highlands",58.4,"Operational","Barrique","Great Britain Pound (£)",190.07,111,2012-02-24,"First Fill","Sherry",NA,10,271.53,6187.5,22.79,55.74,"Scotland","WhiskyAuctioneer"
"https://whiskyauctioneer.com/lot/0322-08/1-tullibardine-2012-first-fill-px-quarter-cask-651248-cask-storage-whiskybroker",3000,FALSE,2022-04-04,"Tullibardine 2012 First Fill PX Quarter cask","Tullibardine","Highlands",56.8,"Operational",NA,"Great Britain Pound (£)",116.2,66,2012-02-24,"First Fill",NA,NA,10,166,3375,20.33,51.14,"Scotland","WhiskyAuctioneer"
"https://whiskyauctioneer.com/lot/0122-02a/1-craigellachie-2012-barrel-800673-cask-storage-beam-springburn",4300,TRUE,2022-03-07,"Craigellachie 2012 Barrel","Craigellachie","Speyside",63.4,"Operational","Barrel","Great Britain Pound (£)",105.4,66.82,2012-10-31,NA,NA,NA,9,150.57,4837.5,32.13,72.4,"Scotland","WhiskyAuctioneer"
"https://whiskyauctioneer.com/lot/0122-01a/1-ardmore-2009-refill-ex-laphroaig-barrel-709384-cask-storage-whiskybroker",4400,TRUE,2022-03-07,"Ardmore 2009 Refill ex-Laphroaig Barrel","Ardmore","Highlands",62.4,"Operational","Barrel","Great Britain Pound (£)",137.98,86.1,2009-01-01,"Second Fill",NA,2021-01-01,13,197.11,4950,25.11,57.49,"Scotland","WhiskyAuctioneer"
"https://whiskyauctioneer.com/lot/0222-01/1-speyside-region-1995-refill-sherry-hogshead-9555-2296-cask-storage-glenfarclas",28000,TRUE,2022-03-07,"Speyside Region 1995 Refill Sherry Hogshead","Bruichladdich","Speyside",49.9,"Operational","Hogshead","Great Britain Pound (£)",211,105.29,NA,"Second Fill","Sherry",2022-01-01,NA,301.43,31500,104.5,299.17,"Scotland","WhiskyAuctioneer"
"https://whiskyauctioneer.com/lot/0222-02/1-fettercairn-2008-1st-fill-moscatel-barrique-46482008-cask-storage-whiskybroker",7100,FALSE,2022-03-07,"Fettercairn 2008 1st Fill Moscatel Barrique","Fettercairn","Highlands",56.9,"Operational","Barrique","Great Britain Pound (£)",149.38,85,2008-10-30,"First Fill","Wine",NA,13,213.4,7987.5,37.43,93.97,"Scotland","WhiskyAuctioneer"
"https://whiskyauctioneer.com/lot/0222-03/1-glen-ord-2013-1st-fill-px-quarter-cask-2542013-cask-storage-whiskybroker",5600,TRUE,2022-03-07,"Glen Ord 2013 1st Fill PX Quarter Cask","Glen Ord","Highlands",59.1,"Operational","Quarter Cask","Great Britain Pound (£)",104.91,62,2013-07-29,"First Fill",NA,NA,8,149.87,6300,42.04,101.61,"Scotland","WhiskyAuctioneer"
"https://whiskyauctioneer.com/lot/0222-04/1-knockdhu-2013-1st-fill-oloroso-barrique-3902013-cask-storage-whiskybroker",5100,FALSE,2022-03-07,"Knockdhu 2013 1st Fill Oloroso Barrique","Knockdhu","Highlands",58.6,"Operational","Barrique","Great Britain Pound (£)",177.47,104,2013-05-30,"First Fill","Sherry",NA,8,253.53,5737.5,22.63,55.17,"Scotland","WhiskyAuctioneer"
"https://whiskyauctioneer.com/lot/0222-05/1-tullibardine-2012-madeira-quarter-cask-651256-cask-storage-whiskybroker",2700,FALSE,2022-03-07,"Tullibardine 2012 Madeira Quarter Cask","Tullibardine","Highlands",56.8,"Operational","Quarter Cask","Great Britain Pound (£)",112.68,64,2012-02-24,NA,"Madeira",NA,10,160.97,3037.5,18.87,47.46,"Scotland","WhiskyAuctioneer"
"https://whiskyauctioneer.com/lot/0222-06/1-glen-spey-2009-oloroso-quarter-cask-806182a-cask-storage-whiskybroker",5000,FALSE,2022-03-07,"Glen Spey 2009 Oloroso Quarter Cask","Glen Spey","Speyside",60.4,"Operational","Quarter Cask","Great Britain Pound (£)",102.65,62,2009-10-20,NA,"Sherry",NA,12,146.64,5625,38.36,90.73,"Scotland","WhiskyAuctioneer"
"https://whiskyauctioneer.com/lot/0222-07/1-tullibardine-2012-1st-fill-pineau-quarter-cask-651257-cask-storage-whiskybroker",4500,TRUE,2022-03-07,"Tullibardine 2012 1st Fill Pineau Quarter Cask","Tullibradine","Highlands",56.8,"Operational","Quarter Cask","Great Britain Pound (£)",115.77,65.76,2012-02-24,"First Fill","Wine",NA,10,165.39,5062.5,30.61,76.98,"Scotland","WhiskyAuctioneer"
"https://whiskyauctioneer.com/lot/0122-02/1-craigellachie-2012-barrel-800673-cask-storage-beam-springburn",3100,FALSE,2022-02-07,"Craigellachie 2012 Barrel","Craigellachie","Speyside",63.4,"Operational","Barrel","Great Britain Pound (£)",105.4,66.82,2012-10-31,NA,NA,NA,9,150.57,3487.5,23.16,52.19,"Scotland","WhiskyAuctioneer"
"https://whiskyauctioneer.com/lot/0122-01/1-ardmore-2009-refill-ex-laphroaig-barrel-709384-cask-storage-whiskybroker",3900,FALSE,2022-02-07,"Ardmore 2009 Refill ex-Laphroaig Barrel","Ardmore","Highlands",62.4,"Operational","Barrel","Great Britain Pound (£)",137.98,86.1,2009-01-01,"Second Fill",NA,2021-01-01,13,197.11,4387.5,22.26,50.96,"Scotland","WhiskyAuctioneer"
"https://whiskyauctioneer.com/lot/0122-03/1-fettercairn-2008-1st-fill-px-barrique-46622008-cask-storage-whiskybroker",8700,TRUE,2022-02-07,"Fettercairn 2008 1st Fill PX Barrique","Fettercairn","Highlands",56.4,"Operational","Barrique","Great Britain Pound (£)",148.94,84,2008-10-30,"First Fill",NA,NA,13,212.77,9787.5,46,116.52,"Scotland","WhiskyAuctioneer"
"https://whiskyauctioneer.com/lot/0122-04/1-glen-spey-2009-1st-fill-px-quarter-cask-8061822009-cask-storage-whiskybroker",4500,TRUE,2022-02-07,"Glen Spey 2009 1st Fill PX Quarter Cask","Glen Spey","Speyside",60.4,"Operational","Quarter Cask","Great Britain Pound (£)",103.15,62.3,2009-10-20,"First Fill",NA,NA,12,147.36,5062.5,34.35,81.26,"Scotland","WhiskyAuctioneer"
"https://whiskyauctioneer.com/lot/0122-05/1-inchgower-2010-oloroso-quarter-cask-801394a2010-cask-storage-whiskybroker",4500,TRUE,2022-02-07,"Inchgower 2010 Oloroso Quarter Cask","Inchgower","Speyside",60.3,"Operational","Quarter Cask","Great Britain Pound (£)",119.11,71.82,2010-02-12,NA,"Sherry",NA,11,170.16,5062.5,29.75,70.49,"Scotland","WhiskyAuctioneer"
"https://whiskyauctioneer.com/lot/0122-06/1-knockdhu-2013-1st-fill-px-quarter-cask-3932013-cask-storage-whiskybroker",3500,TRUE,2022-02-07,"Knockdhu 2013 1st Fill PX Quarter Cask","Knockdhu","Highlands",57,"Operational","Quarter Cask","Great Britain Pound (£)",89.3,50.9,2013-05-30,"First Fill",NA,NA,8,127.57,3937.5,30.87,77.36,"Scotland","WhiskyAuctioneer"
"https://whiskyauctioneer.com/lot/0122-07/1-tullibardine-2012-1st-fill-madeira-wine-barrique-6511382012-cask-storage-whiskybroker",4800,TRUE,2022-02-07,"Tullibardine 2012 1st Fill Madeira Wine Barrique","Tullibradine","Highlands",58.3,"Operational","Barrique","Great Britain Pound (£)",185.64,108.23,2012-02-23,"First Fill","Madeira",NA,9,265.2,5400,20.36,49.89,"Scotland","WhiskyAuctioneer"
"https://whiskyauctioneer.com/lot/0122-08/1-tullibardine-2012-1st-fill-pineau-quarter-cask-651257-cask-storage-whiskybroker",3100,TRUE,2022-02-07,"Tullibardine 2012 1st Fill Pineau Quarter Cask","Tullibradine","Highlands",56.8,"Operational","Quarter Cask","Great Britain Pound (£)",115.77,65.76,2012-02-24,"First Fill","Wine",NA,9,165.39,3487.5,21.09,53.03,"Scotland","WhiskyAuctioneer"
"https://whiskyauctioneer.com/lot/0122-09/1-springbank-1997-fresh-rum-242-cask-storage-springbank",35500,TRUE,2022-02-07,"Springbank 1997 Fresh Rum","Springbank","Campbeltown",49.6,"Operational",NA,"Great Britain Pound (£)",77.22,38.3,1997-01-01,"First Fill","Rum",2021-11-03,25,110.31,39937.5,362.05,1042.75,"Scotland","WhiskyAuctioneer"
"https://whiskyauctioneer.com/lot/1221-01/1-springbank-1995-hogshead-501-cask-storage-whiskybroker",68000,TRUE,2022-01-10,"Springbank 1995 Hogshead","Springbank","Campbeltown",47.9,"Operational","Hogshead","Great Britain Pound (£)",98.2,47.04,1995-01-01,NA,NA,2021-05-04,27,140.29,76500,545.3,1626.28,"Scotland","WhiskyAuctioneer"
"https://whiskyauctioneer.com/lot/1221-02/1-dailuaine-2010-1st-fill-px-quarter-cask-310230a-cask-storage-whiskybroker",4200,TRUE,2022-01-10,"Dailuaine 2010 1st Fill PX Quarter Cask","Dailuaine","Speyside",55.2,"Operational","Quarter Cask","Great Britain Pound (£)",79.89,44.1,2010-01-01,"First Fill",NA,NA,12,114.13,4725,41.4,107.14,"Scotland","WhiskyAuctioneer"
"https://whiskyauctioneer.com/lot/1221-03/1-fettercairn-2008-1st-fill-px-barrique-4661-cask-storage-whiskybroker",9200,TRUE,2022-01-10,"Fettercairn 2008 1st Fill PX Barrique","Fettercairn","Highlands",54,"Operational","Barrique","Great Britain Pound (£)",125.93,68,2008-01-01,"First Fill",NA,NA,14,179.9,10350,57.53,152.21,"Scotland","WhiskyAuctioneer"
"https://whiskyauctioneer.com/lot/1221-04/1-knockdhu-2013-1st-fill-palo-cortado-barrique-391-cask-storage-whiskybroker",6000,TRUE,2022-01-10,"Knockdhu 2013 1st Fill Palo Cortado Barrique","Knockdhu","Highlands",56.4,"Operational","Barrique","Great Britain Pound (£)",162.77,91.8,2013-01-01,"First Fill","Sherry",NA,9,232.53,6750,29.03,73.53,"Scotland","WhiskyAuctioneer"
"https://whiskyauctioneer.com/lot/1221-05/1-strathmill-2009-1st-fill-oloroso-quarter-cask-800835a-cask-storage-whiskybroker",8100,TRUE,2022-01-10,"Strathmill 2009 1st Fill Oloroso Quarter Cask","Strathmill","Speyside",58.5,"Operational","Quarter Cask","Great Britain Pound (£)",103.76,60.7,2009-01-01,"First Fill","Sherry",NA,13,148.23,9112.5,61.48,150.12,"Scotland","WhiskyAuctioneer"
"https://whiskyauctioneer.com/lot/1121-01/1-aultmore-2012-barrel-800976-cask-storage-beam-suntory",3300,TRUE,2021-12-06,"Aultmore 2012 Barrel","Aultmore","Speyside",63.4,"Operational","Barrel","Great Britain Pound (£)",125.8,79.76,2012-05-29,NA,NA,NA,9,179.71,3712.5,20.66,46.55,"Scotland","WhiskyAuctioneer"
"https://whiskyauctioneer.com/lot/1121-02/1-glen-spey-2010-1st-fill-px-quarter-cask-803233-cask-storage-whiskybroker",3700,FALSE,2021-12-06,"Glen Spey 2010 1st Fill PX Quarter Cask","Glen Spey","Speyside",56.7,"Operational","Quarter Cask","Great Britain Pound (£)",124.69,70.7,2010-01-01,"First Fill",NA,NA,11,178.13,4162.5,23.37,58.88,"Scotland","WhiskyAuctioneer"
"https://whiskyauctioneer.com/lot/1121-06/1-tullibardine-2015-barrel-94-cask-storage-muirhall-warehouses",1700,FALSE,2021-12-06,"Tullibardine 2015 Barrel","Tullibradine","Highlands",62,"Operational","Barrel","Great Britain Pound (£)",177.9,110.3,2015-01-01,NA,NA,2021-11-01,6,254.14,1912.5,7.53,17.34,"Scotland","WhiskyAuctioneer"
"https://whiskyauctioneer.com/lot/1021-01/1-benriach-2013-hogshead-199-cask-storage-ben-nevis-distillery",4500,TRUE,2021-11-08,"Benriach 2013 Hogshead","Benriach","Speyside",63.4,"Operational","Hogshead","Great Britain Pound (£)",NA,NA,2013-12-09,NA,NA,NA,7,NA,5062.5,NA,NA,"Scotland","WhiskyAuctioneer"
"https://whiskyauctioneer.com/lot/1021-02/1-aultmore-2012-barrel-800975-cask-storage-beam-suntory",4200,TRUE,2021-11-08,"Aultmore 2012 Barrel","Aultmore","Speyside",63.4,"Operational","Barrel","Great Britain Pound (£)",NA,NA,2012-05-29,NA,NA,NA,9,NA,4725,NA,NA,"Scotland","WhiskyAuctioneer"
"https://whiskyauctioneer.com/lot/1021-03/1-craigellachie-2010-1st-fill-oloroso-quarter-cask-900187-cask-storage-whiskybroker",5400,TRUE,2021-11-08,"Craigellachie 2010 1st Fill Oloroso Quarter Cask","Craigellachie","Speyside",66.3,"Operational","Quarter Cask","Great Britain Pound (£)",116.43,77.19,2010-01-01,"First Fill","Sherry",NA,11,166.33,6075,36.52,78.7,"Scotland","WhiskyAuctioneer"
"https://whiskyauctioneer.com/lot/1021-04/1-arran-1996-sherry-hogshead-1202-cask-storage-lochranza",33000,TRUE,2021-11-08,"Arran 1996 Sherry Hogshead","Arran (Lochranza)","Islands",54.7,"Operational","Hogshead","Great Britain Pound (£)",138.1,75.54,1996-09-02,NA,"Sherry",2021-09-21,25,197.29,37125,188.17,491.46,"Scotland","WhiskyAuctioneer"
"https://whiskyauctioneer.com/lot/1021-05/1-bunnahabhain-2008-hogshead-146-cask-storage-broxburn-bottlers",13500,TRUE,2021-11-08,"Bunnahabhain 2008 Hogshead","Bunnahabhain","Islay",53.2,"Operational","Hogshead","Great Britain Pound (£)",203.1,108.05,2008-01-01,NA,NA,2020-10-27,13,290.14,15187.5,52.35,140.56,"Scotland","WhiskyAuctioneer"
"https://whiskyauctioneer.com/lot/1021-06/1-glentauchers-2009-hogshead-138-cask-storage-broxburn-bottlers",6100,TRUE,2021-11-08,"Glentauchers 2009 Hogshead","Glentauchers","Speyside",60.8,"Operational","Hogshead","Great Britain Pound (£)",199.6,121.36,2009-01-01,NA,NA,2020-10-27,12,285.14,6862.5,24.07,56.55,"Scotland","WhiskyAuctioneer"
"https://whiskyauctioneer.com/lot/1021-07/1-glenrothes-2010-hogshead-4133-cask-storage-broxburn-bottlers",5070,TRUE,2021-11-08,"Glenrothes 2010 Hogshead","Glenrothes","Speyside",64.3,"Operational","Hogshead","Great Britain Pound (£)",138.2,88.86,2010-01-01,NA,NA,2020-10-27,11,197.43,5703.75,28.89,64.19,"Scotland","WhiskyAuctioneer"
"https://whiskyauctioneer.com/lot/1021-08/1-glen-garioch-2008-hogshead-3174-cask-storage-broxburn-bottlers",5600,TRUE,2021-11-08,"Glen Garioch 2008 Hogshead","Glen Garioch","Highlands",53.9,"Operational","Hogshead","Great Britain Pound (£)",210.7,113.57,2008-01-01,NA,NA,2020-10-27,13,301,6300,20.93,55.47,"Scotland","WhiskyAuctioneer"
"https://whiskyauctioneer.com/lot/1021-09/1-glen-moray-2007-hogshead-800481-cask-storage-broxburn-bottlers",6200,FALSE,2021-11-08,"Glen Moray 2007 Hogshead","Glen Moray","Speyside",57.7,"Operational","Hogshead","Great Britain Pound (£)",173.6,100.17,2007-05-04,NA,NA,2021-07-28,14,248,6975,28.12,69.63,"Scotland","WhiskyAuctioneer"
"https://whiskyauctioneer.com/lot/1021-10/1-bruichladdich-2012-fresh-bourbon-barrel-1894-cask-storage-bruichladdich-distillery",18000,TRUE,2021-11-08,"Bruichladdich 2012 Fresh Bourbon Barrel","Bruichladdich","Islay",66.8,"Operational","Barrel","Great Britain Pound (£)",168,112.22,2012-06-13,"First Fill","Bourbon",2021-04-28,9,240,20250,84.38,180.45,"Scotland","WhiskyAuctioneer"
"https://whiskyauctioneer.com/lot/1021-11/1-tullibardine-2015-barrel-93-cask-storage-north-british-distillery",3000,TRUE,2021-11-08,"Tullibardine 2015 Barrel","Tullibardine","Highlands",62.2,"Operational","Barrel","Great Britain Pound (£)",186.66,116.1,2015-01-01,NA,NA,NA,6,266.66,3375,12.66,29.07,"Scotland","WhiskyAuctioneer"
"https://whiskyauctioneer.com/lot/1021-12/1-fettercairn-2008-bourbon-barrel-4621-cask-storage-whiskybroker",8100,FALSE,2021-11-08,"Fettercairn 2008 Bourbon Barrel","Fettercairn","Highlands",57.4,"Operational","Barrel","Great Britain Pound (£)",163.94,94.1,2008-01-01,NA,"Bourbon",NA,13,234.2,9112.5,38.91,96.84,"Scotland","WhiskyAuctioneer"
"https://whiskyauctioneer.com/lot/0921-01/1-benriach-2013-hogshead-198-cask-storage-ben-nevis-distillery",4900,TRUE,2021-10-04,"Benriach 2013 Hogshead","Benriach","Speyside",63.4,"Operational","Hogshead","Great Britain Pound (£)",149.1,94.53,2013-12-09,NA,NA,NA,7,213,5512.5,25.88,58.31,"Scotland","WhiskyAuctioneer"
"https://whiskyauctioneer.com/lot/0921-02/1-aultmore-2012-barrel-800974-cask-storage-beam-suntory",3400,TRUE,2021-10-04,"Aultmore 2012 Barrel","Aultmore","Speyside",63.4,"Operational","Barrel","Great Britain Pound (£)",125.2,79.38,2012-05-29,NA,NA,NA,9,178.86,3825,21.39,48.19,"Scotland","WhiskyAuctioneer"
"https://whiskyauctioneer.com/lot/0921-03/1-craigellachie-2012-barrel-800676-cask-storage-beam-springburn",4500,TRUE,2021-10-04,"Craigellachie 2012 Barrel","Craigellachie","Speyside",63.4,"Operational","Barrel","Great Britain Pound (£)",128.5,81.47,2012-10-31,NA,NA,NA,8,183.57,5062.5,27.58,62.14,"Scotland","WhiskyAuctioneer"
"https://whiskyauctioneer.com/lot/0921-04/1-bunnahabhain-2010-sherry-hogshead-901209-cask-storage-whiskybroker",18500,TRUE,2021-10-04,"Bunnahabhain 2010 Sherry Hogshead","Bunnahabhain","Islay",67.3,"Operational","Hogshead","Great Britain Pound (£)",229,154.12,2010-11-11,NA,"Sherry",2020-07-08,10,327.14,20812.5,63.62,135.04,"Scotland","WhiskyAuctioneer"
"https://whiskyauctioneer.com/lot/0921-05/1-crolly-irish-single-malt-2020-ex-bourbon-cask-200-litre-cask-storage-crolly-whiskey",6000,NA,2021-10-04,"Crolly Irish Single Malt 2020 ex-Bourbon Cask 200 Litre","Crolly","Ireland",NA,"Operational",NA,"Great Britain Pound (£)",200,NA,NA,NA,"Bourbon",NA,NA,285.71,6750,23.63,NA,"Ireland","WhiskyAuctioneer"
"https://whiskyauctioneer.com/lot/0921-06/1-bladnoch-bourbon-barrel-cask-be-stored-bladnoch-distillery-charity-lot",4950,TRUE,2021-10-04,"Bladnoch Bourbon Barrel","Bladnoch","Lowlands",63.4,"Operational","Barrel","Great Britain Pound (£)",NA,NA,NA,NA,"Bourbon",NA,NA,NA,5568.75,NA,NA,"Scotland","WhiskyAuctioneer"
"https://whiskyauctioneer.com/lot/0921-07/1-ardmore-2009-barrel-708495-cask-storage-whiskybroker",6200,TRUE,2021-10-04,"Ardmore 2009 Barrel","Ardmore","Highlands",60.6,"Operational","Barrel","Great Britain Pound (£)",154.13,93.4,2009-01-01,NA,NA,NA,12,220.19,6975,31.68,74.68,"Scotland","WhiskyAuctioneer"
"https://whiskyauctioneer.com/lot/0921-08/1-glenlossie-2013-1st-fill-oloroso-quarter-cask-111153-cask-storage-whiskybroker",4600,TRUE,2021-10-04,"Glenlossie 2013 1st Fill Oloroso Quarter Cask","Glenlossie","Speyside",63.3,"Operational","Quarter Cask","Great Britain Pound (£)",100,63.3,2013-01-01,"First Fill","Sherry",NA,8,142.86,5175,36.22,81.75,"Scotland","WhiskyAuctioneer"
"https://whiskyauctioneer.com/lot/0921-10/1-royal-brackla-2007-hogshead-305004-cask-storage-whiskybroker",8700,TRUE,2021-10-04,"Royal Brackla 2007 Hogshead","Royal Brackla","Highlands",60.4,"Operational","Hogshead","Great Britain Pound (£)",188.74,114,2009-01-01,NA,NA,NA,12,269.63,9787.5,36.3,85.86,"Scotland","WhiskyAuctioneer"
"https://whiskyauctioneer.com/lot/0821-01/1-benriach-2013-hogshead-197-cask-storage-ben-nevis-distillery",4000,TRUE,2021-09-06,"Benriach 2013 Hogshead","Benriach","Speyside",63.4,"Operational","Hogshead","Great Britain Pound (£)",162.5,103.03,2013-12-09,NA,NA,NA,7,232.14,4500,19.38,43.68,"Scotland","WhiskyAuctioneer"
"https://whiskyauctioneer.com/lot/0821-02/1-aultmore-2012-barrel-800973-cask-storage-beam-suntory",4100,TRUE,2021-09-06,"Aultmore 2012 Barrel","Aultmore","Speyside",63.4,"Operational","Barrel","Great Britain Pound (£)",120.7,76.52,2012-05-29,NA,NA,NA,9,172.43,4612.5,26.75,60.28,"Scotland","WhiskyAuctioneer"
"https://whiskyauctioneer.com/lot/0821-03/1-craigellachie-2012-barrel-800673-cask-storage-beam-springburn",4100,TRUE,2021-09-06,"Craigellachie 2012 Barrel","Craigellachie","Speyside",63.4,"Operational","Barrel","Great Britain Pound (£)",105.4,66.82,2012-10-31,NA,NA,NA,8,150.57,4612.5,30.63,69.03,"Scotland","WhiskyAuctioneer"
"https://whiskyauctioneer.com/lot/0821-04/1-craigellachie-2010-1st-fill-oloroso-quarter-cask-900187-cask-storage-whiskybroker",5800,FALSE,2021-09-06,"Craigellachie 2010 1st Fill Oloroso Quarter Cask","Craigellachie","Speyside",66.3,"Operational","Quarter Cask","Great Britain Pound (£)",116.43,77.19,2010-01-01,"First Fill","Sherry",NA,11,166.33,6525,39.23,84.53,"Scotland","WhiskyAuctioneer"
"https://whiskyauctioneer.com/lot/0821-05/1-inchgower-2009-1st-fill-px-quarter-cask-803605a-cask-storage-whiskybroker",4600,FALSE,2021-09-06,"Inchgower 2009 1st Fill PX Quarter Cask","Inchgower","Speyside",59.3,"Operational","Quarter Cask","Great Britain Pound (£)",119.11,70.63,2009-01-01,"First Fill",NA,NA,12,170.16,5175,30.41,73.27,"Scotland","WhiskyAuctioneer"
"https://whiskyauctioneer.com/lot/0821-06/1-teaninich-2010-1st-fill-amontillado-quarter-cask-706202-cask-storage-whiskybroker",4500,FALSE,2021-09-06,"Teaninich 2010 1st Fill Amontillado Quarter Cask","Teaninich","Highlands",59.4,"Operational","Quarter Cask","Great Britain Pound (£)",99.09,58.86,2010-01-01,"First Fill","Sherry",NA,11,141.56,5062.5,35.76,86.01,"Scotland","WhiskyAuctioneer"
"https://whiskyauctioneer.com/lot/5018481/1-ardmore-2009-refill-ex-laphroaig-barrel-709384-cask-storage-whiskybroker",4950,TRUE,2021-08-09,"Ardmore 2009 Refill ex-Laphroaig Barrel","Ardmore","Highlands",62.4,"Operational","Barrel","Great Britain Pound (£)",137.98,86.1,2009-01-01,"Second Fill",NA,2021-01-01,12,197.11,5568.75,28.25,64.68,"Scotland","WhiskyAuctioneer"
"https://whiskyauctioneer.com/lot/5018482/1-blair-athol-2014-ex-caroni-barrel-311598-cask-storage-whiskybroker",4400,TRUE,2021-08-09,"Blair Athol 2014 ex-Caroni Barrel","Blair Athol","Highlands",58.8,"Operational","Barrel","Great Britain Pound (£)",128.2,75.38,2014-01-01,NA,"Rum",NA,7,183.14,4950,27.03,65.67,"Scotland","WhiskyAuctioneer"
"https://whiskyauctioneer.com/lot/5018483/1-craigellachie-2007-sherry-butt-900189-cask-storage-whiskybroker",20000,TRUE,2021-08-09,"Craigellachie 2007 Sherry Butt","Craigellachie","Speyside",63.9,"Operational","Butt","Great Britain Pound (£)",439.4,280.78,2007-01-01,NA,"Sherry",2020-07-01,14,627.71,22500,35.84,80.13,"Scotland","WhiskyAuctioneer"
"https://whiskyauctioneer.com/lot/5018484/1-speyside-region-2016-refill-hogshead-8259-cask-storage-muirhall",2100,TRUE,2021-08-09,"Speyside Region 2016 Refill Hogshead",NA,"Speyside",63.9,"Operational","Hogshead","Great Britain Pound (£)",437,279.24,2016-01-01,"Second Fill",NA,2020-10-01,5,624.29,2362.5,3.78,8.46,"Scotland","WhiskyAuctioneer"
"https://whiskyauctioneer.com/lot/5018485/1-orkney-single-malt-2005-hogshead-dru18a171-cask-storage-whiskybroker",8000,FALSE,2021-08-09,"Orkney Single Malt 2005 Hogshead",NA,"Islands",60.06,"Operational","Hogshead","Great Britain Pound (£)",28.9,17.36,NA,NA,NA,2020-05-01,NA,41.29,9000,217.97,518.43,"Scotland","WhiskyAuctioneer"
"https://whiskyauctioneer.com/lot/5018486/1-bunnahabhain-2010-sherry-hogshead-901209-cask-storage-whiskybroker",16000,FALSE,2021-08-09,"Bunnahabhain 2010 Sherry Hogshead","Bunnahabhain","Islay",67.3,"Operational","Hogshead","Great Britain Pound (£)",229,154.12,2010-11-11,NA,"Sherry",2020-07-08,10,327.14,18000,55.02,116.79,"Scotland","WhiskyAuctioneer"
"https://whiskyauctioneer.com/lot/5019649/1-port-dundas-2009-bourbon-hogshead-728279-cask-storage-whiskybroker",3000,TRUE,2021-08-09,"Port Dundas 2009 Bourbon Hogshead","Port Dundas","Lowlands",63.8,"Closed","Hogshead","Great Britain Pound (£)",212.5,135.57,2009-01-01,NA,"Bourbon",2021-04-19,12,303.57,3375,11.12,24.89,"Scotland","WhiskyAuctioneer"
"https://whiskyauctioneer.com/lot/5019650/1-caol-ila-2007-1st-fill-palo-cortado-hogshead-18-cask-storage",16501,FALSE,2021-08-09,"Caol Ila 2007 1st Fill Palo Cortado Hogshead","Caol Ila","Islay",60.2,"Operational","Hogshead","Great Britain Pound (£)",159.6,96.08,2007-08-23,"First Fill","Sherry",NA,13,228,18563.62,81.42,193.21,"Scotland","WhiskyAuctioneer"
"https://whiskyauctioneer.com/lot/5006041/1-port-dundas-2009-bourbon-hogshead-728273-cask-storage-whiskybroker",3400,TRUE,2021-06-07,"Port Dundas 2009 Bourbon Hogshead","Port Dundas","Lowlands",63.9,"Closed","Hogshead","Great Britain Pound (£)",219.15,140.04,2009-01-01,NA,"Bourbon",2021-04-19,12,313.07,3825,12.22,27.31,"Scotland","WhiskyAuctioneer"
"https://whiskyauctioneer.com/lot/5001404/1-dalmunach-2016-barrel-973-cask-storage-whiskybroker",3401,TRUE,2021-05-10,"Dalmunach 2016 Barrel","Dalmunach","Speyside",67.2,"Operational","Barrel","Great Britain Pound (£)",109.55,73.62,2016-10-11,NA,NA,2021-04-06,4,156.5,3826.12,24.45,51.97,"Scotland","WhiskyAuctioneer"
"https://whiskyauctioneer.com/lot/5001655/1-bruichladdich-2011-wine-hogshead-3093-cask-storage-bruichladdich",15600,TRUE,2021-05-10,"Bruichladdich 201Wine Hogshead","Bruichladdich","Islay",63.6,"Operational","Hogshead","Great Britain Pound (£)",208,132.29,2011-09-14,NA,"Wine",2021-03-01,9,297.14,17550,59.06,132.66,"Scotland","WhiskyAuctioneer"
"https://whiskyauctioneer.com/lot/338550/1-tomatin-1983-hogshead-7756-cask-storage-whiskybroker",52000,TRUE,2021-04-05,"Tomatin 1983 Hogshead","Tomatin","Highlands",54.3,"Operational","Hogshead","Great Britain Pound (£)",115.58,62.76,1986-01-01,NA,NA,2021-01-13,35,165.11,58500,354.31,932.12,"Scotland","WhiskyAuctioneer"
"https://whiskyauctioneer.com/lot/340214/1-blended-malt-2001-sherry-butt-cask-storage-whiskybroker",11500,TRUE,2021-04-05,"Blended Malt 200Sherry Butt",NA,"Scotland",45.5,"Operational","Butt","Great Britain Pound (£)",453.85,206.5,2001-08-30,NA,"Sherry",2021-03-01,19,648.36,12937.5,19.95,62.65,"Scotland","WhiskyAuctioneer"
"https://whiskyauctioneer.com/lot/341417/1-arran-1996-1st-fill-sherry-hogshead-94-cask-storage-lochranza",40500,TRUE,2021-04-05,"Arran 1996 1st Fill Sherry Hogshead","Arran (Lochranza)","Islands",51.3,"Operational","Hogshead","Great Britain Pound (£)",210.7,108.09,1996-02-14,"First Fill","Sherry",2021-02-24,25,301,45562.5,151.37,421.52,"Scotland","WhiskyAuctioneer"
"https://whiskyauctioneer.com/lot/335404/1-glen-elgin-2013-sherry-butt-814806-cask-storage-coleburn",17000,TRUE,2021-03-08,"Glen Elgin 2013 Sherry Butt","Glen Elgin","Speyside",62.01,"Operational","Butt","Great Britain Pound (£)",437,270.98,2013-01-01,NA,"Sherry",2021-02-01,8,624.29,19125,30.63,70.58,"Scotland","WhiskyAuctioneer"
"https://whiskyauctioneer.com/lot/335421/1-glenglassaugh-2015-1st-fill-oloroso-octave-60b-cask-storage-whiskybroker",1800,TRUE,2021-03-08,"Glenglassaugh 2015 1st Fill Oloroso Octave","Glenglassaugh","Highlands",59.7,"Operational","Octave","Great Britain Pound (£)",44.4,26.51,2015-09-10,"First Fill","Sherry",NA,5,63.43,2025,31.92,76.39,"Scotland","WhiskyAuctioneer"
"https://whiskyauctioneer.com/lot/327957/1-dalmunach-2016-barrel-934-cask-storage-whiskybroker",3900,TRUE,2021-02-08,"Dalmunach 2016 Barrel","Dalmunach","Speyside",67.3,"Operational","Barrel","Great Britain Pound (£)",192.01,129.22,2016-10-11,NA,NA,2021-01-13,4,274.3,4387.5,16,33.95,"Scotland","WhiskyAuctioneer"
"https://whiskyauctioneer.com/lot/327959/1-glenglassaugh-2015-1st-fill-oloroso-octave-60-cask-storage-whiskybroker",2600,TRUE,2021-02-08,"Glenglassaugh 2015 1st Fill Oloroso Octave","Glenglassaugh","Highlands",59.7,"Operational","Octave","Great Britain Pound (£)",44.4,26.51,2015-09-10,"First Fill","Sherry",NA,5,63.43,2925,46.11,110.34,"Scotland","WhiskyAuctioneer"
"https://whiskyauctioneer.com/lot/327961/1-glenglassaugh-2015-1st-fill-oloroso-octave-60a-cask-storage-whiskybroker",2200,TRUE,2021-02-08,"Glenglassaugh 2015 1st Fill Oloroso Octave","Glenglassaugh","Highlands",59.7,"Operational","Octave","Great Britain Pound (£)",44.4,26.51,2015-09-10,"First Fill","Sherry",NA,5,63.43,2475,39.02,93.36,"Scotland","WhiskyAuctioneer"
"https://whiskyauctioneer.com/lot/329226/1-ardmore-2008-1st-fill-oloroso-octave-708522a-cask-storage-whiskybroker",2600,TRUE,2021-02-08,"Ardmore 2008 1st Fill Oloroso Octave","Ardmore","Highlands",57.6,"Operational","Octave","Great Britain Pound (£)",50.21,28.92,2008-01-01,"First Fill","Sherry",NA,13,71.73,2925,40.78,101.14,"Scotland","WhiskyAuctioneer"
"https://whiskyauctioneer.com/lot/321454/1-tullibardine-2016-1st-fill-oloroso-octave-265b-cask-storage-whiskybroker",1601,TRUE,2021-01-11,"Tullibardine 2016 1st Fill Oloroso Octave","Tullibardine","Highlands",66.6,"Operational","Octave","Great Britain Pound (£)",45.37,30.22,2016-01-01,"First Fill","Sherry",NA,5,64.81,1801.12,27.79,59.6,"Scotland","WhiskyAuctioneer"
"https://whiskyauctioneer.com/lot/321456/1-tullibardine-2016-1st-fill-oloroso-octave-265c-cask-storage-whiskybroker",1555,TRUE,2021-01-11,"Tullibardine 2016 1st Fill Oloroso Octave","Tullibardine","Highlands",66.6,"Operational","Octave","Great Britain Pound (£)",44.26,29.48,2016-01-01,"First Fill","Sherry",NA,5,63.23,1749.38,27.67,59.34,"Scotland","WhiskyAuctioneer"
"https://whiskyauctioneer.com/lot/321459/1-aultmore-2011-oloroso-octave-800613b-cask-storage-whiskybroker",2975,TRUE,2021-01-11,"Aultmore 201Oloroso Octave","Aultmore","Speyside",60.2,"Operational","Octave","Great Britain Pound (£)",53.9,32.45,2011-01-01,NA,"Sherry",NA,10,77,3346.88,43.47,103.14,"Scotland","WhiskyAuctioneer"
"https://whiskyauctioneer.com/lot/323417/1-tobermory-1995-hogshead-1975-cask-storage-deanston-distillery",17500,FALSE,2021-01-11,"Tobermory 1995 Hogshead","Tobermory","Islands",53.1,"Operational","Hogshead","Great Britain Pound (£)",170,90.27,1995-12-14,NA,NA,2020-09-15,25,242.86,19687.5,81.07,218.1,"Scotland","WhiskyAuctioneer"
"https://whiskyauctioneer.com/lot/309996/1-tullibardine-2018-1st-fill-sherry-octave-8000036e-cask-storage-whiskybroker",1250,TRUE,2020-12-07,"Tullibardine 2018 1st Fill Sherry Octave","Tullibardine","Highlands",69.7,"Operational","Octave","Great Britain Pound (£)",52.6,36.66,2018-01-01,"First Fill","Sherry",NA,2,75.14,1406.25,18.72,38.36,"Scotland","WhiskyAuctioneer"
"https://whiskyauctioneer.com/lot/309998/1-glenrothes-2015-oloroso-sherry-hogshead-5752-cask-storage-whiskybroker",4400,TRUE,2020-12-07,"Glenrothes 2015 Oloroso Sherry Hogshead","Glenrothes","Speyside",66,"Operational","Hogshead","Great Britain Pound (£)",209.78,138.45,2015-01-01,NA,"Sherry",2020-10-13,5,299.69,4950,16.52,35.75,"Scotland","WhiskyAuctioneer"
"https://whiskyauctioneer.com/lot/314182/1-bunnahabhain-2010-sherry-hogshead-901248-cask-storage-whiskybroker",15501,NA,2020-12-07,"Bunnahabhain 2010 Sherry Hogshead","Bunnahabhain","Islay",66.1,"Operational","Hogshead","Great Britain Pound (£)",225.1,148.79,2010-11-11,NA,"Sherry",2020-07-08,10,321.57,17438.62,54.23,117.2,"Scotland","WhiskyAuctioneer"
"https://whiskyauctioneer.com/lot/299532/1-port-dundas-2009-bourbon-hogshead-728313-cask-storage-whiskybroker",3600,TRUE,2020-11-09,"Port Dundas 2009 Bourbon Hogshead","Port Dundas","Lowlands",63,"Closed","Hogshead","Great Britain Pound (£)",223.85,141.03,2009-01-01,NA,"Bourbon",2020-10-02,11,319.79,4050,12.66,28.72,"Scotland","WhiskyAuctioneer"
"https://whiskyauctioneer.com/lot/299533/1-glen-moray-2015-bourbon-barrel-365-cask-storage-whiskybroker",2700,TRUE,2020-11-09,"Glen Moray 2015 Bourbon Barrel","Glen Moray","Speyside",61.2,"Operational","Barrel","Great Britain Pound (£)",117.79,72.09,2015-01-01,NA,"Bourbon",2020-10-05,5,168.27,3037.5,18.05,42.13,"Scotland","WhiskyAuctioneer"
"https://whiskyauctioneer.com/lot/299534/1-tullibardine-2018-1st-fill-sherry-octave-8000036a-cask-storage-whiskybroker",1600,TRUE,2020-11-09,"Tullibardine 2018 1st Fill Sherry Octave","Tullibardine","Highlands",69.7,"Operational","Octave","Great Britain Pound (£)",52.6,36.66,2018-01-01,"First Fill","Sherry",2020-10-08,2,75.14,1800,23.96,49.1,"Scotland","WhiskyAuctioneer"
"https://whiskyauctioneer.com/lot/299830/glen-moray-2007-barrel-6343-cask-storage-whiskybroker",5200,FALSE,2020-11-09,"Glen Moray 2007 Barrel","Glen Moray","Speyside",59.6,"Operational","Barrel","Great Britain Pound (£)",148,88.21,2009-01-01,NA,NA,2020-09-09,11,211.43,5850,27.67,66.32,"Scotland","WhiskyAuctioneer"
"https://whiskyauctioneer.com/lot/299832/glentauchers-2009-bourbon-barrel-700240-cask-storage-whiskybroker",4900,FALSE,2020-11-09,"Glentauchers 2009 Bourbon Barrel","Glentauchers","Speyside",59.8,"Operational","Barrel","Great Britain Pound (£)",167.3,100.05,2009-01-01,NA,"Bourbon",2020-09-09,11,239,5512.5,23.06,55.1,"Scotland","WhiskyAuctioneer"
"https://whiskyauctioneer.com/lot/299840/ledaig-2009-hogshead-700502-cask-storage-whiskybroker",13500,TRUE,2020-11-09,"Ledaig 2009 Hogshead","Tobermory","Islands",59.9,"Operational","Hogshead","Great Britain Pound (£)",200.74,120.24,NA,NA,NA,2020-10-08,NA,286.77,15187.5,52.96,126.31,"Scotland","WhiskyAuctioneer"
"https://whiskyauctioneer.com/lot/299853/1-bruichladdich-2010-fresh-bourbon-barrel-2027-cask-storage-bruichladdich",13000,TRUE,2020-11-09,"Bruichladdich 2010 Fresh Bourbon Barrel","Bruichladdich","Islay",61.1,"Operational","Barrel","Great Britain Pound (£)",172,105.09,2010-09-06,"First Fill","Bourbon",2020-03-01,10,245.71,14625,59.52,139.17,"Scotland","WhiskyAuctioneer"
"https://whiskyauctioneer.com/lot/302008/1-bruichladdich-2010-fresh-bourbon-barrel-2033-cask-storage-bruichladdich",12500,TRUE,2020-11-09,"Bruichladdich 2010 Fresh Bourbon Barrel","Bruichladdich","Islay",60.5,"Operational","Barrel","Great Britain Pound (£)",164,99.22,2010-09-06,"First Fill","Bourbon",2020-10-01,10,234.29,14062.5,60.02,141.73,"Scotland","WhiskyAuctioneer"
"https://whiskyauctioneer.com/lot/302013/1-royal-brackla-2007-hogshead-305002-cask-storage-whiskybroker",4900,FALSE,2020-11-09,"Royal Brackla 2007 Hogshead","Royal Brackla","Highlands",61.2,"Operational","Hogshead","Great Britain Pound (£)",182.25,111.54,2007-01-01,NA,NA,2020-10-19,13,260.36,5512.5,21.17,49.42,"Scotland","WhiskyAuctioneer"
"https://whiskyauctioneer.com/lot/290805/1-north-british-2007-bourbon-hogshead-315687-cask-storage-whiskybroker",2700,TRUE,2020-10-05,"North British 2007 Bourbon Hogshead","North British","Lowlands",59.9,"Operational","Hogshead","Great Britain Pound (£)",205.32,122.99,2007-01-01,NA,"Bourbon",19-01-01,13,293.31,3037.5,10.36,24.7,"Scotland","WhiskyAuctioneer"
"https://whiskyauctioneer.com/lot/294703/1-bruichladdich-2010-fresh-bourbon-barrel-2042-cask-storage-bruichladdich",11001,TRUE,2020-10-05,"Bruichladdich 2010 Fresh Bourbon Barrel","Bruichladdich","Islay",62.9,"Operational","Barrel","Great Britain Pound (£)",174,109.45,2010-09-06,"First Fill","Bourbon",NA,10,248.57,12376.12,49.79,113.08,"Scotland","WhiskyAuctioneer"
"https://whiskyauctioneer.com/lot/286522/1-north-british-2007-bourbon-hogshead-315686-cask-storage-whiskybroker",5050,TRUE,2020-09-07,"North British 2007 Bourbon Hogshead","North British","Lowlands",61.8,"Operational","Hogshead","Great Britain Pound (£)",209.49,129.46,2007-01-01,NA,"Bourbon",20-01-01,13,299.27,5681.25,18.98,43.88,"Scotland","WhiskyAuctioneer"
"https://whiskyauctioneer.com/lot/276854/1-glenrothes-2009-px-sherry-hogshead-4156-cask-storage-whiskybroker",8400,TRUE,2020-08-03,"Glenrothes 2009 PX Sherry Hogshead","Glenrothes","Speyside",64.8,"Operational","Hogshead","Great Britain Pound (£)",213.72,138.49,2009-05-13,NA,"Sherry",2020-05-21,11,305.31,9450,30.95,68.24,"Scotland","WhiskyAuctioneer"
"https://whiskyauctioneer.com/lot/276856/1-springbank-1991-first-fill-oloroso-sherry-cask-411-cask-storage-whiskybroker",50600,FALSE,2020-08-03,"Springbank 199First Fill Oloroso Sherry Cask","Springbank","Campbeltown",50.2,"Operational",NA,"Great Britain Pound (£)",115,57.73,1991-01-01,"First Fill","Sherry",2020-03-18,29,164.29,56925,346.49,986.06,"Scotland","WhiskyAuctioneer"
"https://whiskyauctioneer.com/lot/271164/1-north-british-2006-bourbon-barrel-818381-cask-storage-whiskybroker",3500,TRUE,2020-07-06,"North British 2006 Bourbon Barrel","North British","Lowlands",61.5,"Operational","Barrel","Great Britain Pound (£)",117.43,72.22,2006-12-28,NA,"Bourbon",2020-06-05,13,167.76,3937.5,23.47,54.52,"Scotland","WhiskyAuctioneer"
"https://whiskyauctioneer.com/lot/271165/1-port-dundas-2009-bourbon-hogshead-756131-cask-storage-whiskybroker",5000,TRUE,2020-07-06,"Port Dundas 2009 Bourbon Hogshead","Port Dundas","Lowlands",64.2,"Closed","Hogshead","Great Britain Pound (£)",223.31,143.37,2009-01-01,NA,"Bourbon",2020-06-05,11,319.01,5625,17.63,39.23,"Scotland","WhiskyAuctioneer"
"https://whiskyauctioneer.com/lot/260502/1-bruichladdich-2011-fresh-bourbon-barrel-3240-cask-storage-bruichladdich",8200,TRUE,2020-06-01,"Bruichladdich 201Fresh Bourbon Barrel","Bruichladdich","Islay",63.7,"Operational","Barrel","Great Britain Pound (£)",173,110.2,2011-09-21,"First Fill","Bourbon",2020-03-02,8,247.14,9225,37.33,83.71,"Scotland","WhiskyAuctioneer"
"https://whiskyauctioneer.com/lot/259497/1-bruichladdich-2003-fresh-bourbon-barrel-252-cask-storage-whiskybroker",8000,TRUE,2020-04-06,"Bruichladdich 2003 Fresh Bourbon Barrel","Bruichladdich","Islay",59.3,"Operational","Barrel","Great Britain Pound (£)",109,64.64,2003-05-30,"First Fill","Bourbon",2020-02-26,16,155.71,9000,57.8,139.23,"Scotland","WhiskyAuctioneer"
"https://whiskyauctioneer.com/lot/251162/1-glentauchers-2009-bourbon-barrel-700239-cask-held-bond-hah-whisky",4100,TRUE,2020-03-11,"Glentauchers 2009 Bourbon Barrel","Glentauchers","Speyside",59.9,"Operational","Barrel","Great Britain Pound (£)",159,95.24,2009-01-01,NA,"Bourbon",2020-02-01,11,227.14,4612.5,20.31,48.43,"Scotland","WhiskyAuctioneer"
"https://whiskyauctioneer.com/lot/251163/1-glentauchers-2009-bourbon-barrel-700240-cask-held-bond-hah-whisky",3600,TRUE,2020-03-11,"Glentauchers 2009 Bourbon Barrel","Glentauchers","Speyside",60.8,"Operational","Barrel","Great Britain Pound (£)",318,193.34,2009-01-01,NA,"Bourbon",2020-02-01,11,454.29,4050,8.92,20.95,"Scotland","WhiskyAuctioneer"
"https://whiskyauctioneer.com/lot/252546/1-port-dundas-2009-hogshead-756119-cask-storage-whiskybroker",4450,TRUE,2020-03-11,"Port Dundas 2009 Hogshead","Port Dundas","Lowlands",65.5,"Closed","Hogshead","Great Britain Pound (£)",211.5,138.53,2009-01-01,NA,"Port",2019-11-01,11,302.14,5006.25,16.57,36.14,"Scotland","WhiskyAuctioneer"
"https://whiskyauctioneer.com/lot/253215/1-bruichladdich-2006-fresh-bourbon-barrel-1246-cask-storage-bruichladdich",11000,TRUE,2020-03-11,"Bruichladdich 2006 Fresh Bourbon Barrel","Bruichladdich","Islay",63.1,"Operational","Barrel","Great Britain Pound (£)",161,101.59,2006-07-12,"First Fill","Bourbon",2019-11-01,13,230,12375,53.8,121.81,"Scotland","WhiskyAuctioneer"
"https://whiskyauctioneer.com/lot/253252/1-lindores-abbey-2020-ex-australian-muscat-hogshead-300-litre-bushfire-appeal-charity",5400,NA,2020-03-11,"Lindores Abbey 2020 ex-Australian Muscat Hogshead 300 Litre","Lindores Abbey","Lowlands",NA,"Operational","Hogshead","Great Britain Pound (£)",300,NA,NA,NA,"Wine",NA,NA,428.57,6075,14.18,NA,"Scotland","WhiskyAuctioneer"
"https://whiskyauctioneer.com/lot/246047/1-bruichladdich-%E2%80%8B2008-rivesaltes-hogshead-11-year-old-1758-cask-storage-bruichladdich",12000,TRUE,2020-02-03,"Bruichladdich ​2008 Rivesaltes Hogshead 1Year Old","Bruichladdich","Islay",62.1,"Operational","Hogshead","Great Britain Pound (£)",194,120.47,2008-07-18,NA,"Wine",2019-12-01,11,277.14,13500,48.71,112.06,"Scotland","WhiskyAuctioneer"
"https://whiskyauctioneer.com/lot/246411/1-bruichladdich-2006-fresh-bourbon-barrel-1246-cask-storage-bruichladdich",10500,FALSE,2020-02-03,"Bruichladdich 2006 Fresh Bourbon Barrel","Bruichladdich","Islay",63.1,"Operational","Barrel","Great Britain Pound (£)",161,101.59,2006-07-12,"First Fill","Bourbon",2019-11-01,13,230,11812.5,51.36,116.28,"Scotland","WhiskyAuctioneer"
"https://whiskyauctioneer.com/lot/241194/1-bruichladdich-2006-fresh-bourbon-barrel-1246-cask-storage-bruichladdich",11000,FALSE,2020-01-06,"Bruichladdich 2006 Fresh Bourbon Barrel","Bruichladdich","Islay",63.1,"Operational","Barrel","Great Britain Pound (£)",161,101.59,2006-07-12,"First Fill","Bourbon",2019-11-01,13,230,12375,53.8,121.81,"Scotland","WhiskyAuctioneer"
"https://whiskyauctioneer.com/lot/229661/1-bruichladdich-2005-fresh-bourbon-barrel-417-cask-storage-bruichladdich",12000,TRUE,2019-12-02,"Bruichladdich 2005 Fresh Bourbon Barrel","Bruichladdich","Islay",61.2,"Operational","Barrel","Great Britain Pound (£)",155,94.86,2005-06-08,"First Fill","Bourbon",2019-11-01,14,221.43,13500,60.97,142.31,"Scotland","WhiskyAuctioneer"
"https://whiskyauctioneer.com/lot/233038/1-bruichladdich-2003-fresh-bourbon-barrel-252-cask-storage-whiskybroker",10000,FALSE,2019-12-02,"Bruichladdich 2003 Fresh Bourbon Barrel","Bruichladdich","Islay",58.1,"Operational","Barrel","Great Britain Pound (£)",121.81,70.77,2003-05-30,"First Fill","Bourbon",2019-06-14,16,174.01,11250,64.65,158.97,"Scotland","WhiskyAuctioneer"
"https://whiskyauctioneer.com/lot/203503/1-longmorn-2008-refill-barrel-1225-cask-storage-whiskybroker",6000,TRUE,2019-09-02,"Longmorn 2008 Refill Barrel","Longmorn","Speyside",58.2,"Operational","Barrel","Great Britain Pound (£)",182.5,106.22,2008-10-30,"Second Fill",NA,2019-07-22,10,260.71,6750,25.89,63.55,"Scotland","WhiskyAuctioneer"
"https://whiskyauctioneer.com/lot/203603/1-ben-nevis-1996-hogshead-878-cask-storage-ben-nevis-distillery-sample-tbc",10000,FALSE,2019-09-02,"Ben Nevis 1996 Hogshead","Ben Nevis","Highlands",49.5,"Operational","Hogshead","Great Britain Pound (£)",169.29,83.8,1996-07-09,NA,NA,2019-06-01,23,241.84,11250,46.52,134.25,"Scotland","WhiskyAuctioneer"
"https://whiskyauctioneer.com/lot/205401/1-bruichladdich-2011-fresh-bourbon-barrel-3241-cask-storage-bruichladdich",10005,TRUE,2019-09-02,"Bruichladdich 201Fresh Bourbon Barrel","Bruichladdich","Islay",63.6,"Operational","Barrel","Great Britain Pound (£)",169,107.48,2011-09-21,"First Fill","Bourbon",2019-07-22,7,241.43,11255.62,46.62,104.72,"Scotland","WhiskyAuctioneer"
"https://whiskyauctioneer.com/lot/190317/1-caroni-1997-barrel-60-cask-storage-whiskybroker",29000,TRUE,2019-07-01,"Caroni 1997 Barrel","Caroni","Trinidad",64.5,"Closed","Barrel","Great Britain Pound (£)",162.3,104.68,1997-01-01,NA,"Rum",2019-05-13,22,231.86,32625,140.71,311.66,"Trinidad","WhiskyAuctioneer"
"https://whiskyauctioneer.com/lot/183740/1-caroni-1997-barrel-82-cask-storage-whiskybroker",25000,TRUE,2019-05-20,"Caroni 1997 Barrel","Caroni","Trinidad",61.7,"Closed","Barrel","Great Britain Pound (£)",158,97.49,1997-01-01,NA,"Rum",2019-04-11,22,225.71,28125,124.61,288.49,"Trinidad","WhiskyAuctioneer"
"https://whiskyauctioneer.com/lot/183741/1-caroni-1997-barrel-84-cask-storage-whiskybroker",25000,TRUE,2019-05-20,"Caroni 1997 Barrel","Caroni","Trinidad",62.1,"Closed","Barrel","Great Britain Pound (£)",168.6,104.7,1997-01-01,NA,"Rum",2019-04-11,22,240.86,28125,116.77,268.62,"Trinidad","WhiskyAuctioneer"
"https://whiskyauctioneer.com/lot/182617/1-tullibardine-2007-first-fill-bourbon-barrel-173-cask-storage-tullibardine-distillery",4000,TRUE,2019-05-06,"Tullibardine 2007 First-Fill Bourbon Barrel","Tullibardine","Highlands",58.5,"Operational","Barrel","Great Britain Pound (£)",152.7,90.5,2007-12-01,"First Fill","Bourbon",2019-01-01,11,218.14,4500,20.63,49.72,"Scotland","WhiskyAuctioneer"
"https://whiskyauctioneer.com/lot/176855/1-tullibardine-2007-first-fill-bourbon-barrel-173-cask-storage-tullibardine-distillery",3600,FALSE,2019-04-08,"Tullibardine 2007 First-Fill Bourbon Barrel","Tullibardine","Highlands",58.5,"Operational","Barrel","Great Britain Pound (£)",152.7,90.5,2007-12-01,"First Fill","Bourbon",2019-01-01,11,218.14,4050,18.57,44.75,"Scotland","WhiskyAuctioneer"
"https://whiskyauctioneer.com/lot/151628/1-speyside-1996-hogshead-49-cask-storage-inver-house",6000,TRUE,2019-01-07,"Speyside 1996 Hogshead","Speyside","Highlands",53,"Operational","Hogshead","Great Britain Pound (£)",148,78.44,1996-01-01,NA,NA,2018-11-26,23,211.43,6750,31.93,86.05,"Scotland","WhiskyAuctioneer"
"https://whiskyauctioneer.com/lot/148022/1-glasgow-2015-ex-sherry-quarter-cask-157-cask-storage-glasgow-distillery",1550,TRUE,2018-12-03,"Glasgow 2015 Ex-Sherry Quarter Cask","Glasgow","Lowlands",61.43,"Operational","Quarter Cask","Great Britain Pound (£)",43.27,26.58,2015-12-01,NA,"Sherry",2018-11-01,3,61.81,1743.75,28.21,65.6,"Scotland","WhiskyAuctioneer"
"https://whiskyauctioneer.com/lot/137230/1-macallan-1990-hogshead-1014-cask-storage-macallan",81500,TRUE,2018-11-05,"Macallan 1990 Hogshead","Macallan","Speyside",47.8,"Operational","Hogshead","Great Britain Pound (£)",159,76,1990-01-23,NA,NA,2018-06-11,28,227.14,91687.5,403.66,1206.41,"Scotland","WhiskyAuctioneer"
"https://whiskyauctioneer.com/lot/136579/1-ben-nevis-1996-butt-2117-21-year-old-cask-storage-whisky-broker",20000,TRUE,2018-10-08,"Ben Nevis 1996 Butt","Ben Nevis","Highlands",57.2,"Operational","Butt","Great Britain Pound (£)",415.59,237.77,1996-11-28,NA,NA,NA,21,593.7,22500,37.9,94.63,"Scotland","WhiskyAuctioneer"
"https://whiskyauctioneer.com/lot/116969/1-dufftown-2008-diamond-rum-barrel-93-cask-storage-whisky-broker",2600,FALSE,2018-07-02,"Dufftown 2008 Diamond Rum Barrel","Dufftown","Speyside",59.9,"Operational","Barrel","Great Britain Pound (£)",201,120.4,2008-03-06,NA,"Rum",NA,10,287.14,2925,10.19,24.29,"Scotland","WhiskyAuctioneer"
"https://whiskyauctioneer.com/lot/116970/1-glenburgie-2012-bourbon-barrel-800616-cask-storage-whisky-broker",2500,FALSE,2018-07-02,"Glenburgie 2012 Bourbon Barrel","Glenburgie","Speyside",60.1,"Operational","Barrel","Great Britain Pound (£)",183,109.98,2012-11-06,NA,"Bourbon",2017-10-02,5,261.43,2812.5,10.76,25.57,"Scotland","WhiskyAuctioneer"
"https://whiskyauctioneer.com/lot/117174/1-ben-nevis-1996-guthrie-cask-2117-21-year-old-cask-storage-ben-nevis",17500,FALSE,2018-07-02,"Ben Nevis 1996 Guthrie Cask","Ben Nevis","Highlands",57.2,"Operational",NA,"Great Britain Pound (£)",398.65,230.76,1996-11-28,NA,"Wine",2017-12-01,21,569.5,19687.5,34.57,85.32,"Scotland","WhiskyAuctioneer"
"https://whiskyauctioneer.com/lot/121254/1-glen-moray-1981-hogshead-454-cask-storage-glen-moray",23000,FALSE,2018-07-02,"Glen Moray 198Hogshead","Glen Moray","Speyside",49.26,"Operational","Hogshead","Great Britain Pound (£)",118,58.13,1981-02-06,NA,NA,2018-03-20,37,168.57,25875,153.5,445.12,"Scotland","WhiskyAuctioneer"
"https://whiskyauctioneer.com/lot/116907/1-glen-moray-1981-hogshead-454-cask-storage-glen-moray",25500,FALSE,2018-06-04,"Glen Moray 198Hogshead","Glen Moray","Speyside",49.26,"Operational","Hogshead","Great Britain Pound (£)",118,58.13,1981-02-06,NA,NA,2018-03-20,37,168.57,28687.5,170.18,493.51,"Scotland","WhiskyAuctioneer"
"https://whiskyauctioneer.com/lot/107055/1-bruichladdich-%E2%80%8Brivesaltes-wine-barrique-2004-716-cask-storage-bruichladdich",12850,TRUE,2018-05-07,"Bruichladdich ​Rivesaltes Wine Barrique 2004","Bruichladdich","Islay",64.1,"Operational","Barrique","Great Britain Pound (£)",201,128.84,2004-01-01,NA,"Wine",2018-03-01,14,287.14,14456.25,50.35,112.2,"Scotland","WhiskyAuctioneer"
"https://whiskyauctioneer.com/lot/112691/1-ben-nevis-1996-guthrie-cask-2117-21-year-old-cask-storage-ben-nevis",20000,FALSE,2018-05-07,"Ben Nevis 1996 Guthrie Cask","Ben Nevis","Highlands",57.2,"Operational",NA,"Great Britain Pound (£)",398.65,230.76,1996-11-28,NA,"Wine",2017-12-01,21,569.5,22500,39.51,97.5,"Scotland","WhiskyAuctioneer"
"https://whiskyauctioneer.com/lot/103695/1-ben-nevis-1996-sherry-butt-2117-21-year-old-cask-storage-ben-nevis",45460,TRUE,2018-04-02,"Ben Nevis 1996 Sherry Butt","Ben Nevis","Highlands",57.2,"Operational","Butt","Great Britain Pound (£)",398.65,230.76,1996-11-28,NA,"Sherry",2017-12-01,21,569.5,51142.5,89.8,221.63,"Scotland","WhiskyAuctioneer"
"https://whiskyauctioneer.com/lot/71447/1-ardmore-2010-bourbon-cask-803520-lightly-peated-stored-whisky-broker",1500,FALSE,2017-07-03,"Ardmore 2010 Bourbon Cask","Ardmore","Highlands",NA,"Operational",NA,"Great Britain Pound (£)",NA,NA,2010-01-01,NA,"Bourbon",2017-04-04,7,NA,1687.5,NA,NA,"Scotland","WhiskyAuctioneer"
"https://whiskyauctioneer.com/lot/67898/1-linkwood-2010-refill-hogshead-cask-144-stored-whisky-broker",2200,FALSE,2017-06-05,"Linkwood 2010 Refill Hogshead Cask","Linkwood","Speyside",NA,"Operational","Hogshead","Great Britain Pound (£)",NA,NA,2010-01-01,"Second Fill",NA,2017-04-04,7,NA,2475,NA,NA,"Scotland","WhiskyAuctioneer"
"https://whiskyauctioneer.com/lot/65316/bruichladdich-2010-callejo-cask-2236-1-x-hogshead",8100,TRUE,2017-05-08,"Bruichladdich 2010 Callejo Hogshead","Bruichladdich",NA,NA,"Operational","Hogshead","Great Britain Pound (£)",NA,NA,2010-09-14,NA,NA,2016-12-01,6,NA,9112.5,NA,NA,NA,"WhiskyAuctioneer"
"https://whiskyauctioneer.com/lot/0225-01/cask-arran-2014-first-fill-sherry-hogshead-140913-stored-lochranza",6100,FALSE,2025-03-10,"Arran 2014 First Fill Sherry Hogshead","Lochranza","Islands",57.3,"Operational","Hogshead","Great Britain Pound (£)",202.7,116.15,NA,"First Fill","Sherry",NA,NA,289.57,6862.5,23.7,59.08,"Scotland","WhiskyAuctioneer"
"https://whiskyauctioneer.com/lot/0225-02/cask-adnams-2016-virgin-french-oak-695-stored-cadus-vaults",350,FALSE,2025-03-10,"Adnams 2016 Virgin French Oak","Copper House","England",68.06,"Operational",NA,"Great Britain Pound (£)",135.22,92.03,2016-08-12,"Virgin Oak","Virgin Oak",NA,8,193.17,393.75,2.04,4.28,"England","WhiskyAuctioneer"
"https://whiskyauctioneer.com/lot/0225-03/cask-adnams-2016-virgin-french-oak-696-stored-cadus-vaults",350,FALSE,2025-03-10,"Adnams 2016 Virgin French Oak","Copper House","England",65.32,"Operational",NA,"Great Britain Pound (£)",168.86,110.3,2016-08-12,"Virgin Oak","Virgin Oak",NA,8,241.23,393.75,1.63,3.57,"England","WhiskyAuctioneer"
"https://whiskyauctioneer.com/lot/0225-04/cask-dublin-liberties-2019-bourbon-barrel-spw002182-stored-stafford",350,FALSE,2025-03-10,"Dublin Liberties 2019 Bourbon Barrel","Dublin Liberties Distillery","Ireland",62.2,"Operational","Barrel","Great Britain Pound (£)",154.85,96.32,NA,NA,"Bourbon",NA,NA,221.21,393.75,1.78,4.09,"Ireland","WhiskyAuctioneer"
"https://whiskyauctioneer.com/lot/0225-05/cask-dublin-liberties-2019-bourbon-barrel-spw002456-stored-stafford",350,FALSE,2025-03-10,"Dublin Liberties 2019 Bourbon Barrel","Dublin Liberties Distillery","Ireland",59.01,"Operational","Barrel","Great Britain Pound (£)",177.77,104.9,NA,NA,"Bourbon",NA,NA,253.96,393.75,1.55,3.75,"Ireland","WhiskyAuctioneer"
"https://whiskyauctioneer.com/lot/0225-06/cask-dublin-liberties-2019-bourbon-barrel-spw002457-stored-stafford",350,FALSE,2025-03-10,"Dublin Liberties 2019 Bourbon Barrel","Dublin Liberties Distillery","Ireland",60.1,"Operational","Barrel","Great Britain Pound (£)",176.04,105.8,NA,NA,"Bourbon",NA,NA,251.49,393.75,1.57,3.72,"Ireland","WhiskyAuctioneer"
"https://whiskyauctioneer.com/lot/0225-07/cask-dublin-liberties-2019-bourbon-barrel-spw002458-stored-stafford",350,FALSE,2025-03-10,"Dublin Liberties 2019 Bourbon Barrel","Dublin Liberties Distillery","Ireland",60.19,"Operational","Barrel","Great Britain Pound (£)",160.12,96.38,NA,NA,"Bourbon",NA,NA,228.74,393.75,1.72,4.09,"Ireland","WhiskyAuctioneer"
"https://whiskyauctioneer.com/lot/0125-01a/cask-bruichladdich-2010-rivesaltes-hogshead-2129-stored-bruichladdich",10500,FALSE,2025-03-10,"Bruichladdich 2010 Rivesaltes Hogshead","Bruichladdich","Islay",60.4,"Operational","Hogshead","Great Britain Pound (£)",205.3,124,NA,NA,"Wine",2025-01-01,NA,293.29,11812.5,40.28,95.26,"Scotland","WhiskyAuctioneer"
"https://whiskyauctioneer.com/lot/0125-01/cask-bruichladdich-2010-rivesaltes-hogshead-2129-stored-bruichladdich",13000,FALSE,2025-02-10,"Bruichladdich 2010 Rivesaltes Hogshead","Bruichladdich","Islay",60.4,"Operational","Hogshead","Great Britain Pound (£)",205.3,124,NA,NA,"Wine",2025-01-01,NA,293.29,14625,49.87,117.94,"Scotland","WhiskyAuctioneer"
