distillery;filling_year;warehouse;regauged_date;bulk_litres;strength;cask_type;image
Inchgower;2011;Volpe and Costello Warehouse;October 2025;204.01;55.83%;Barrique #22007;https://www.whiskyhammer.com/uploads/images/products/newthumbs/1762422897Inchgower2011cask22007.png
Dailuaine;2024;Volpe and Castello Warehouse;;255.7;63.5%;Hogshead;https://www.whiskyhammer.com/uploads/images/products/newthumbs/1762189111Dailuaine2024cask418328.png
Annandale;2021;Volpe and Castello Warehouse;;252.6;63.5%;Hogshead;https://www.whiskyhammer.com/uploads/images/products/newthumbs/1762188859Annandalecask20211951.png
Teithmill;2021;Volpe and Costello Warehouse;October 2025;192.50;65.4%;;https://www.whiskyhammer.com/uploads/images/products/newthumbs/1763475190Teithmill2021caskA210045.png
Ledaig;2021;Volpe and Costello Warehouse;October 2025;187.19;63.09%;Barrel;https://www.whiskyhammer.com/uploads/images/products/newthumbs/1762332522Ledaig2021cask4433.png
Teithmill;2021;Volpe and Costello Warehouse;October 2025;185.49;65.5%;Barrel;https://www.whiskyhammer.com/uploads/images/products/newthumbs/1763475986Teithmill2021caskA210047.png
Glen Moray;2015;Volpe and Castello Warehouse;October 2025;169.03;57.74%;;https://www.whiskyhammer.com/uploads/images/products/newthumbs/1762271718GlenMoray2015cask206.png
Staoisha;2022;Volpe and Costello Warehouse;October 2025;180.41;62.195%;Barrique;https://www.whiskyhammer.com/uploads/images/products/newthumbs/1762422727Staoisha2022cask30773.png
Tullibardine;2012;Volpe and Castello Warehouse;October 2025;151.11;51.02%;;https://www.whiskyhammer.com/uploads/images/products/newthumbs/1762271239Tullibardine2012cask653549.png
Annandale;2021;Volpe and Castello Warehouse;;198.7;63.5%;Bourbon Barrel;https://www.whiskyhammer.com/uploads/images/products/newthumbs/1762188687Annandalecask20211101.png
Ardmore;2021;Volpe and Castello Warehouse;;251.5;67.8%;Hogshead;https://www.whiskyhammer.com/uploads/images/products/newthumbs/1762189238Ardmore2021cask800.png
Bowmore;2001;Volpe and Costello Warehouse;October 2025;29.41;57.8%;;https://www.whiskyhammer.com/uploads/images/products/newthumbs/1763472779Bowmore2001caskA10000183.png
Benrinnes;2009;Volpe and Costello Warehouse;October 2025;116.51;57.59%;;https://www.whiskyhammer.com/uploads/images/products/newthumbs/1762274288Benrinnes2009cask11015.png
Teithmill;2021;Volpe and Costello Warehouse;October 2025;188.51;65.3%;;https://www.whiskyhammer.com/uploads/images/products/newthumbs/1763474839Teithmill2021caskA210044.png
Teithmill;2021;Volpe and Costello Warehouse;October 2025;189.96;65.8%;;https://www.whiskyhammer.com/uploads/images/products/newthumbs/1763475650Teithmill2021caskA210046.png
Teithmill;2021;Volpe and Costello Warehouse;October 2025;196.26;61.6%;;https://www.whiskyhammer.com/uploads/images/products/newthumbs/1763476214Teithmill2021caskA210048.png
Teithmill;2021;Volpe and Costello Warehouse;October 2025;189.48;61.8%;;https://www.whiskyhammer.com/uploads/images/products/newthumbs/1763476468Teithmill2021caskA210049.png
Teithmill;2021;Volpe and Costello Warehouse;October 2025;182.45;62.7%;;https://www.whiskyhammer.com/uploads/images/products/newthumbs/1763476685Teithmill2021caskA210050.png
Teithmill;2021;Volpe and Costello Warehouse;October 2025;188.94;63.3%;;https://www.whiskyhammer.com/uploads/images/products/newthumbs/1763477036Teithmill2021caskA210051.png
TEITHMILL;2021;Volpe and Costello Warehouse;October 2025;163.63;62.7%;BARREL;https://www.whiskyhammer.com/uploads/images/products/newthumbs/1763478064Teithmill2021caskA210052.png
Teithmill;2021;Volpe and Costello Warehouse;October 2025;105.64;62%;;https://www.whiskyhammer.com/uploads/images/products/newthumbs/1763479442Teithmill2021caskA210053.png
Inchgower;2021;Volpe and Costello Warehouse;October 2025;228.40;60.9%;Hogshead;https://www.whiskyhammer.com/uploads/images/products/newthumbs/1762423111Inchgower2021cask800637.png
Blair Athol;2021;Volpe and Costello Warehouse;October 2025;180.32;61%;;https://www.whiskyhammer.com/uploads/images/products/newthumbs/1763474013BlairAthol2021caskA2107186.png
Bruichladdich;2005;Still Spirit Warehouse;February 2025;125;53.4%;Ex-Bourbon Barrel #367;https://www.whiskyhammer.com/uploads/images/products/newthumbs/1741604491Bruichladdichexbourbonbarrel367.png
Glen Moray;2007;Still Spirit Warehouse;March 2025;115.3;60.2%;Refill Hogshead;https://www.whiskyhammer.com/uploads/images/products/newthumbs/1741877675GlenMoray20075756.png
Ardmore;2011;Still Spirit Warehouse;March 2025;160.8;57.6%;Second Fill Bourbon Barrel;https://www.whiskyhammer.com/uploads/images/products/newthumbs/1741876979Ardmore2011803387.png
Allt Mor (Aultmore);2017;Still Spirit Warehouse;May 2025;226.3;61.4%;Hogshead;https://www.whiskyhammer.com/uploads/images/products/newthumbs/1748853121AlltMorAultmore2017182.png
Tullibardine;2009;Still Spirit Warehouse;May 2025;148.5;63.6%;Barrel;https://www.whiskyhammer.com/uploads/images/products/newthumbs/1749211948Tullibardine2009cask308.png
;2022;Still Spirit Warehouse;May 2025;171.7;68.7%;;https://www.whiskyhammer.com/uploads/images/products/newthumbs/1746695419Speyside202232.png
Secret Highland;2019;Still Spirit Warehouse;May 2025;159.6;60.3%;;https://www.whiskyhammer.com/uploads/images/products/newthumbs/1746694967SecretHighland2019655.png
Teithmill;2019;Still Spirit Warehouse;May 2025;239.05;63.6%;Hogshead;https://www.whiskyhammer.com/uploads/images/products/newthumbs/1746696060Teithmill2019hogshead190000394.png
Dalmunach;2015;Still Spirit Warehouse;April 2025;166.9;65.5%;;https://www.whiskyhammer.com/uploads/images/products/newthumbs/1744789677Dalmunach2015197.png
Tullibardine;2023;Still Spirit Warehouse;April 2025;166.1;61.1%;;https://www.whiskyhammer.com/uploads/images/products/newthumbs/1744787855Tullibardine202349.png
Craigellachie;2016;Still Spirit Warehouse;April 2025;163.3;59.7%;Barrel;https://www.whiskyhammer.com/uploads/images/products/newthumbs/1744730546BlueHil2016163.png
North British;2010;Still Spirit Warehouse;September 2024;150;60.1%;Ex-Bourbon Barrel;https://www.whiskyhammer.com/uploads/images/products/newthumbs/1734600439NorthBritish271846.png
BREWDOG DISTILLING CO.;2025;;;200L;63.5%;EXOLOROSO SHERRY CASK;https://www.whiskyhammer.com/uploads/images/products/newthumbs/1730797688BDDCo_DistillingCask_OnlineAuctionCards_2025_1080x1080_V2.png
BREWDOG DISTILLING CO.;2025;;;200L;63.5%;EX OLOROSO SHERRY CASK;https://www.whiskyhammer.com/uploads/images/products/newthumbs/1730797699BDDCo_DistillingCask_OnlineAuctionCards_2025_1080x1080_V22.png
BREWDOG DISTILLING CO.;2025;;;200L;63.5%;OLOROSO SHERRY CASK;https://www.whiskyhammer.com/uploads/images/products/newthumbs/1730797711BDDCo_DistillingCask_OnlineAuctionCards_2025_1080x1080_V23.png
BREWDOG DISTILLING CO.;2025;;;200L;63.5%;EXOLOROSO SHERRY CASK;https://www.whiskyhammer.com/uploads/images/products/newthumbs/1730797724BDDCo_DistillingCask_OnlineAuctionCards_2025_1080x1080_V24.png
BREWDOG DISTILLING CO.;2025;;;200L;63.5%;Oloroso Sherry Cask;https://www.whiskyhammer.com/uploads/images/products/newthumbs/1730797736BDDCo_DistillingCask_OnlineAuctionCards_2025_1080x1080_V25.png
BREWDOG DISTILLING CO.;2025;;;200L;63.5%;EX OLOROSO SHERRY CASK;https://www.whiskyhammer.com/uploads/images/products/newthumbs/1730797766BDDCo_DistillingCask_OnlineAuctionCards_2025_1080x1080_V26.png
BREWDOG DISTILLING CO.;2025;;;200L;63.5%;EXOLOROSO SHERRY CASK;https://www.whiskyhammer.com/uploads/images/products/newthumbs/1730797785BDDCo_DistillingCask_OnlineAuctionCards_2025_1080x1080_V28.png
BREWDOG DISTILLING CO.;2025;;;200L;63.5%;Oloroso Sherry Cask;https://www.whiskyhammer.com/uploads/images/products/newthumbs/1730797805BDDCo_DistillingCask_OnlineAuctionCards_2025_1080x1080_V210.png
BREWDOG DISTILLING CO.;2025;;;200L;63.5%;Oloroso Sherry Cask;https://www.whiskyhammer.com/uploads/images/products/newthumbs/1730818410BDDCo_DistillingCask_OnlineAuctionCards_2025_1080x1080_V221.png
BREWDOG DISTILLING CO.;2025;;;200L;63.5%;Oloroso Sherry Cask;https://www.whiskyhammer.com/uploads/images/products/newthumbs/1730818442BDDCo_DistillingCask_OnlineAuctionCards_2025_1080x1080_V225.png
BREWDOG DISTILLING CO.;2025;;;200L;63.5%;SINGLE MALT EX BOURBON FIRST FILL CASK;https://www.whiskyhammer.com/uploads/images/products/newthumbs/1730818501BDDCo_DistillingCask_OnlineAuctionCards_2025_1080x1080_V228.png
BREWDOG DISTILLING CO.;2025;;;200L;63.5%;SINGLE MALT EX BOURBON FIRST FILL CASK;https://www.whiskyhammer.com/uploads/images/products/newthumbs/1730818611BDDCo_DistillingCask_OnlineAuctionCards_2025_1080x1080_V233.png
BREWDOG DISTILLING CO.;2025;;;200L;63.5%;SINGLE MALT EX BOURBON FIRST FILL CASK;https://www.whiskyhammer.com/uploads/images/products/newthumbs/1730818673BDDCo_DistillingCask_OnlineAuctionCards_2025_1080x1080_V240.png
BREWDOG DISTILLING CO.;2025;;;200L;63.5%;SINGLE GRAIN RYE EX BOURBON FIRST FILL CASK;https://www.whiskyhammer.com/uploads/images/products/newthumbs/1730818755BDDCo_DistillingCask_OnlineAuctionCards_2025_1080x1080_V245.png
BREWDOG DISTILLING CO.;2025;;;200L;63.5%;EX OLOROSO SHERRY CASK;https://www.whiskyhammer.com/uploads/images/products/newthumbs/1730818762BDDCo_DistillingCask_OnlineAuctionCards_2025_1080x1080_V246.png
Whitlaw;2019;Still Spirit Warehouse;September 2024;210;64.5%;Hogshead;https://www.whiskyhammer.com/uploads/images/products/newthumbs/1726738406Whitllaw2019.png
Foursquare;2007;Still Spirit Warehouse;September 2024;166.45;61.5%;;https://www.whiskyhammer.com/uploads/images/products/newthumbs/1726743317Foursquare200792.png
;2020;Still Spirit Warehouse;August 2024;233.0;62.3%;Hogshead #25 (Ex-Oloroso Sherry);https://www.whiskyhammer.com/uploads/images/products/newthumbs/172537232225.png
;2021;Still Spirit Warehouse;August 2024;233.0;62.8%;Hogshead #1935 (Ex-Oloroso Sherry);https://www.whiskyhammer.com/uploads/images/products/newthumbs/17253732551935.jpg
;2021;Still Spirit Warehouse;August 2024;232.6;62.8%;Hogshead #1938 (Ex-Oloroso Sherry);https://www.whiskyhammer.com/uploads/images/products/newthumbs/17253733641938.jpg
;2021;Still Spirit Warehouse;August 2024;225.1;62.6%;Hogshead #1943 (Ex-Oloroso Sherry);https://www.whiskyhammer.com/uploads/images/products/newthumbs/17253740671943.jpg
;1990s;Still Spirit Warehouse;August 2024;233.8;63.1%;Hogshead #1946 (Ex-Oloroso Sherry);https://www.whiskyhammer.com/uploads/images/products/newthumbs/17253747341946.jpg
;2021;Still Spirit Warehouse;August 2024;222.6;62.8%;Hogshead #1948 (Ex-Oloroso Sherry);https://www.whiskyhammer.com/uploads/images/products/newthumbs/17253747591948.jpg
;2021;Still Spirit Warehouse;August 2024;218.5;62.3%;Hogshead #1951 (Ex-Oloroso Sherry);https://www.whiskyhammer.com/uploads/images/products/newthumbs/17253747941951.jpg
;2021;Still Spirit Warehouse;August 2024;223.3;62.6%;Hogshead #1954 (Ex-Oloroso Sherry);https://www.whiskyhammer.com/uploads/images/products/newthumbs/17253748151954.jpg
;1955;Still Spirit Warehouse;August 2024;233.3;63.0%;Hogshead (Ex-Oloroso Sherry);https://www.whiskyhammer.com/uploads/images/products/newthumbs/17253748251955.jpg
;2020;Still Spirit Warehouse;August 2024;476.8;62.5%;BUTT #19 (Ex-Oloroso Sherry);https://www.whiskyhammer.com/uploads/images/products/newthumbs/172537228519.png
;2021;Still Spirit Warehouse;August 2024;232.7;63.0%;Hogshead #1934 (Ex-Oloroso Sherry);https://www.whiskyhammer.com/uploads/images/products/newthumbs/17253732401934.jpg
;2021;Still Spirit Warehouse;August 2024;230.7;62.9%;Hogshead #1936 (Ex-Oloroso Sherry);https://www.whiskyhammer.com/uploads/images/products/newthumbs/17253732701936.jpg
;2021;Still Spirit Warehouse;August 2024;231.8;62.7%;Hogshead #1944 (Ex-Oloroso Sherry);https://www.whiskyhammer.com/uploads/images/products/newthumbs/17253740781944.jpg
;2021;Still Spirit Warehouse;August 2024;231.8;62.8%;Hogshead #1949 (Ex-Oloroso Sherry);https://www.whiskyhammer.com/uploads/images/products/newthumbs/17253747721949.jpg
Springbank Distillery;1998;;February 2024;166.7;51.2%;Hogshead;https://www.whiskyhammer.com/uploads/images/products/newthumbs/1711984531Hazelburn1998Hogshead57.png
Tobermory;1995;Still Spirit Warehouse;May 2024;142.2;46.9%;Hogshead;https://www.whiskyhammer.com/uploads/images/products/newthumbs/1715091085Tobermory1995HHD1065B.png
Ardmore;2011;Still Spirit Warehouse;May 2024;163.7;58.2%;Second Fill Bourbon Barrel;https://www.whiskyhammer.com/uploads/images/products/newthumbs/1715848715Ardmore2011803387.png
Springbank;1997;;February 2024;49.2;46.5%;Fresh Sherry Hogshead #332;https://www.whiskyhammer.com/uploads/images/products/newthumbs/1713774116Springbank1997rev1.png
Springbank;1998;;February 2024;163.7;48.9%;Hogshead #400;https://www.whiskyhammer.com/uploads/images/products/newthumbs/1711983972Springbank1998Hogshead400.png
Glenrothes;2008;Still Spirit Warehouse;February 2024;230.8;64.6%;European Oak Oloroso Hogshead;https://www.whiskyhammer.com/uploads/images/products/newthumbs/1707992713GLENROTHES2008.png
Macduff;2009;Still Spirit Warehouse;February 2024;205.7;62.8%;First Fill Chateau Palmer Barrique #180264;https://www.whiskyhammer.com/uploads/images/products/newthumbs/1706890650Macduff2009180264.png
Glen Moray;2007;Still Spirit Warehouse;February 2024;119.7;60.5%;Refill Hogshead;https://www.whiskyhammer.com/uploads/images/products/newthumbs/1707989879GLENMORAY2007.png
Springbank;1993;;August 2023;104.7;50.5%;Refill Bourbon Barrel #200;https://www.whiskyhammer.com/uploads/images/products/newthumbs/1695216223Springbank1993200.png
BREWDOG DISTILLING CO.;2024;;;200L;63.5%;SINGLE MALT EX BOURBON FIRST FILL CASK;https://www.whiskyhammer.com/uploads/images/products/newthumbs/1698240219BDDC_Cask_Auction_Cards_04_14.jpg
BREWDOG DISTILLING CO.;2024;;;200L;63.5%;SINGLE MALT EX BOURBON FIRST FILL CASK;https://www.whiskyhammer.com/uploads/images/products/newthumbs/1698240194BDDC_Cask_Auction_Cards_04_12.jpg
Brewdog Distilling Co.;2024;;;200L;63.5%;Oloroso Sherry Cask;https://www.whiskyhammer.com/uploads/images/products/newthumbs/1698239210BDDC_Cask_Auction_Cards_2024_09.jpg
Brewdog Distilling Co.;2024;;;200L;63.5%;Oloroso Sherry Cask;https://www.whiskyhammer.com/uploads/images/products/newthumbs/1698239252BDDC_Cask_Auction_Cards_2024_11.jpg
Brewdog Distilling Co.;;;;200L;63.5%;Oloroso Sherry Cask;https://www.whiskyhammer.com/uploads/images/products/newthumbs/1698239536BDDC_Cask_Auction_Cards_2024_16.jpg
BREWDOG DISTILLING CO.;2024;;;200L;63.5%;OLOROSO SHERRY CASK;https://www.whiskyhammer.com/uploads/images/products/newthumbs/1698239415BDDC_Cask_Auction_Cards_2024_13.jpg
Brewdog Distilling Co.;2024;;;200L;63.5%;Single Malt Ex Bourbon First Fill Cask;https://www.whiskyhammer.com/uploads/images/products/newthumbs/1698240183BDDC_Cask_Auction_Cards_04_11.jpg
BREWDOG DISTILLING CO.;2024;;;200L;63.5%;SINGLE MALT EX BOURBON FIRST FILL CASK;https://www.whiskyhammer.com/uploads/images/products/newthumbs/1698240165BDDC_Cask_Auction_Cards_04_09.jpg
Brewdog Distilling Co.;2024;;;200L;63.5%;Oloroso Sherry Cask;https://www.whiskyhammer.com/uploads/images/products/newthumbs/1698239936BDDC_Cask_Auction_Cards_2024_27.jpg
BREWDOG DISTILLING CO.;2024;;;200L;63.5%;SINGLE MALT EX BOURBON FIRST FILL CASK;https://www.whiskyhammer.com/uploads/images/products/newthumbs/1698240150BDDC_Cask_Auction_Cards_04_08.jpg
BREWDOG DISTILLING CO.;;;;200L;63.5%;Oloroso Sherry Cask;https://www.whiskyhammer.com/uploads/images/products/newthumbs/1698239923BDDC_Cask_Auction_Cards_2024_26.jpg
BREWDOG DISTILLING CO.;2024;;;200L;63.5%;Oloroso Sherry Cask;https://www.whiskyhammer.com/uploads/images/products/newthumbs/1698239822BDDC_Cask_Auction_Cards_2024_20.jpg
Brewdog Distilling Co.;2024;;;200L;63.5%;Oloroso Sherry Cask;https://www.whiskyhammer.com/uploads/images/products/newthumbs/1698239228BDDC_Cask_Auction_Cards_2024_10.jpg
Brewdog Distilling Co.;;;;200L;63.5%;Oloroso Sherry Cask;https://www.whiskyhammer.com/uploads/images/products/newthumbs/1698239783BDDC_Cask_Auction_Cards_2024_19.jpg
BREWDOG DISTILLING CO.;2024;;;200L;63.5%;Oloroso Sherry Cask;https://www.whiskyhammer.com/uploads/images/products/newthumbs/1698239882BDDC_Cask_Auction_Cards_2024_22.jpg
BREWDOG DISTILLING CO.;2024;;;200L;63.5%;Oloroso Sherry Cask;https://www.whiskyhammer.com/uploads/images/products/newthumbs/1698239903BDDC_Cask_Auction_Cards_2024_24.jpg
Brewdog Distilling Co.;2024;;;200L;63.5%;Oloroso Sherry Cask;https://www.whiskyhammer.com/uploads/images/products/newthumbs/1698239892BDDC_Cask_Auction_Cards_2024_23.jpg
Brewdog Distilling Co.;2024;;;200L;63.5%;Oloroso Sherry Cask;https://www.whiskyhammer.com/uploads/images/products/newthumbs/1698239913BDDC_Cask_Auction_Cards_2024_25.jpg
BREWDOG DISTILLING CO.;;;;200L;63.5%;SINGLE MALT EX BOURBON FIRST FILL CASK;https://www.whiskyhammer.com/uploads/images/products/newthumbs/1698240021BDDC_Cask_Auction_Cards_04_02.jpg
BREWDOG DISTILLING CO.;2024;;;200L;63.5%;OLOROSO SHERRY CASK;https://www.whiskyhammer.com/uploads/images/products/newthumbs/1698239124BDDC_Cask_Auction_Cards_2024_05.jpg
BREWDOG DISTILLING CO.;2024;;;200L;63.5%;SINGLE MALT EX BOURBON FIRST FILL CASK;https://www.whiskyhammer.com/uploads/images/products/newthumbs/1698240106BDDC_Cask_Auction_Cards_04_05.jpg
BREWDOG DISTILLING CO.;2024;;;200L;63.5%;Oloroso Sherry Cask;https://www.whiskyhammer.com/uploads/images/products/newthumbs/1698239551BDDC_Cask_Auction_Cards_2024_17.jpg
BREWDOG DISTILLING CO.;2024;;;200L;63.5%;SINGLE MALT EX BOURBON FIRST FILL CASK;https://www.whiskyhammer.com/uploads/images/products/newthumbs/1698240097BDDC_Cask_Auction_Cards_04_04.jpg
Brewdog Distilling Co.;2024;;;200L;63.5%;Single Grain Rye Ex Bourbon First Fill Cask;https://www.whiskyhammer.com/uploads/images/products/newthumbs/1698241481BDDC_Cask_Auction_Cards_2024_02.jpg
Brewdog Distilling Co.;2024;;;200L;63.5%;Oloroso Sherry Cask;https://www.whiskyhammer.com/uploads/images/products/newthumbs/1698239010BDDC_Cask_Auction_Cards_2024_01.jpg
Brewdog Distilling Co.;2024;;;200L;63.5%;Oloroso Sherry Cask;https://www.whiskyhammer.com/uploads/images/products/newthumbs/1698239060BDDC_Cask_Auction_Cards_2024_02.jpg
BREWDOG DISTILLING CO.;2024;;;200L;63.5%;SINGLE MALT EX BOURBON FIRST FILL CASK;https://www.whiskyhammer.com/uploads/images/products/newthumbs/1698240006BDDC_Cask_Auction_Cards_04_01.jpg
BREWDOG DISTILLING CO.;2024;;;200L;63.5%;SINGLE MALT EX BOURBON FIRST FILL CASK;https://www.whiskyhammer.com/uploads/images/products/newthumbs/1698240233BDDC_Cask_Auction_Cards_04_15.jpg
Brewdog Distilling Co.;2024;;;200L;63.5%;Single Malt Ex Bourbon First Fill Cask;https://www.whiskyhammer.com/uploads/images/products/newthumbs/1698240122BDDC_Cask_Auction_Cards_04_06.jpg
BREWDOG DISTILLING CO.;2024;;;200L;63.5%;OLOROSO SHERRY CASK;https://www.whiskyhammer.com/uploads/images/products/newthumbs/1698239146BDDC_Cask_Auction_Cards_2024_06.jpg
BREWDOG DISTILLING CO.;2024;;;200L;63.5%;Oloroso Sherry Cask;https://www.whiskyhammer.com/uploads/images/products/newthumbs/1698239432BDDC_Cask_Auction_Cards_2024_14.jpg
Brewdog Distilling Co.;2024;;;200L;63.5%;Oloroso Sherry Cask;https://www.whiskyhammer.com/uploads/images/products/newthumbs/1698239771BDDC_Cask_Auction_Cards_2024_18.jpg
Brewdog Distilling Co.;2024;;;200L;63.5%;Oloroso Sherry Cask;https://www.whiskyhammer.com/uploads/images/products/newthumbs/1698239189BDDC_Cask_Auction_Cards_2024_08.jpg
Brewdog Distilling Co.;2024;;;200L;63.5%;Oloroso Sherry Cask;https://www.whiskyhammer.com/uploads/images/products/newthumbs/1698239457BDDC_Cask_Auction_Cards_2024_15.jpg
Brewdog Distilling Co.;;;;200L;63.5%;Oloroso Sherry Cask;https://www.whiskyhammer.com/uploads/images/products/newthumbs/1698239075BDDC_Cask_Auction_Cards_2024_03.jpg
Brewdog Distilling Co.;;;;200L;63.5%;Oloroso Sherry Cask;https://www.whiskyhammer.com/uploads/images/products/newthumbs/1698239092BDDC_Cask_Auction_Cards_2024_04.jpg
Brewdog Distilling Co.;2024;;;200L;63.5%;Oloroso Sherry Cask;https://www.whiskyhammer.com/uploads/images/products/newthumbs/1698239271BDDC_Cask_Auction_Cards_2024_12.jpg
Brewdog Distilling Co.;2024;;;200L;63.5%;Oloroso Sherry Cask;https://www.whiskyhammer.com/uploads/images/products/newthumbs/1698239837BDDC_Cask_Auction_Cards_2024_21.jpg
BREWDOG DISTILLING CO.;2024;;;200L;63.5%;SINGLE MALT EX BOURBON FIRST FILL CASK;https://www.whiskyhammer.com/uploads/images/products/newthumbs/1698240088BDDC_Cask_Auction_Cards_04_03.jpg
BREWDOG DISTILLING CO.;2024;;;200L;63.5%;SINGLE MALT EX BOURBON FIRST FILL CASK;https://www.whiskyhammer.com/uploads/images/products/newthumbs/1698240135BDDC_Cask_Auction_Cards_04_07.jpg
BREWDOG DISTILLING CO.;2024;;;200L;63.5%;SINGLE MALT EX BOURBON FIRST FILL CASK;https://www.whiskyhammer.com/uploads/images/products/newthumbs/1698240173BDDC_Cask_Auction_Cards_04_10.jpg
BREWDOG DISTILLING CO.;2024;;;200L;63.5%;SINGLE MALT EX BOURBON FIRST FILL CASK;https://www.whiskyhammer.com/uploads/images/products/newthumbs/1698240203BDDC_Cask_Auction_Cards_04_13.jpg
Brewdog Distilling Co.;2024;;;200L;63.5%;Single Grain Rye Ex Bourbon First Fill Cask;https://www.whiskyhammer.com/uploads/images/products/newthumbs/1698241467BDDC_Cask_Auction_Cards_2024_01.jpg
Brewdog Distilling Co.;2024;;;200L;63.5%;Single Grain Rye Ex Bourbon First Fill Cask;https://www.whiskyhammer.com/uploads/images/products/newthumbs/1698241493BDDC_Cask_Auction_Cards_2024_03.jpg
BREWDOG DISTILLING CO.;2024;;;200L;63.5%;DARK RUM EX OLOROSO SHERRY CASK;https://www.whiskyhammer.com/uploads/images/products/newthumbs/1698241577BDDC_Cask_Auction_Cards_2024_01.jpg
Brewdog Distilling Co.;2024;;;200L;63.5%;Dark Rum Ex Oloroso Sherry Cask;https://www.whiskyhammer.com/uploads/images/products/newthumbs/1698241587BDDC_Cask_Auction_Cards_2024_02.jpg
Brewdog Distilling Co.;2024;;;200L;63.5%;Dark Rum Ex Oloroso Sherry Cask;https://www.whiskyhammer.com/uploads/images/products/newthumbs/1698241597BDDC_Cask_Auction_Cards_2024_03.jpg
BREWDOG DISTILLING CO.;2024;;;200L;63.5%;DARK RUM EX OLOROSO SHERRY CASK;https://www.whiskyhammer.com/uploads/images/products/newthumbs/1698241610BDDC_Cask_Auction_Cards_2024_04.jpg
BREWDOG DISTILLING CO.;2024;;;200L;63.5%;DARK RUM EX OLOROSO SHERRY CASK;https://www.whiskyhammer.com/uploads/images/products/newthumbs/1698241618BDDC_Cask_Auction_Cards_2024_05.jpg
Staoisha (Peated Bunnahabhain);2013;Still Spirit Warehouse;October 2023;155.5;60.4%;Barrel;https://www.whiskyhammer.com/uploads/images/products/newthumbs/1697642440Staoisha20131098.png
Lochindaal (Bruichladdich);2009;Still Spirit Warehouse;September 2023;157.3;61.1%;Fresh Bourbon Barrel #12;https://www.whiskyhammer.com/uploads/images/products/newthumbs/1696330456LochindaalBruichladdich2009.png
Speyside;1992;Still Spirit Warehouse;October 2023;155.4;51.2%;Oloroso Hogshead;https://www.whiskyhammer.com/uploads/images/products/newthumbs/1697702961Speyside14088591992.png
Highland Park;2006;Still Spirit Warehouse;October 2023;204.5;59.1%;Hogshead;https://www.whiskyhammer.com/uploads/images/products/newthumbs/1697699793OrkneyHighlandPark2006.png
Rhinns (Bruichladdich);2011;Still Spirit Warehouse;September 2023;167.3;58.6%;Fresh Bourbon Barrel #20;https://www.whiskyhammer.com/uploads/images/products/newthumbs/1696330094RhinnsBruichladdich2011.png
Ben Nevis Distillery;1998;;July 2023;146.4;55.4%;Refill Hogshead;https://www.whiskyhammer.com/uploads/images/products/newthumbs/1692958708BenNevisHogshead1998.png
Staoisha (Peated Bunnahabhain);2013;Still Spirit Warehouse;April 2023;175.3;59.6%;Barrel;https://www.whiskyhammer.com/uploads/images/products/newthumbs/1692106514Staoisha2013.png
Croftengea;2009;Still Spirit Warehouse;March 2023;192;54%;Hogshead;https://www.whiskyhammer.com/uploads/images/products/newthumbs/1691413369Croftengea2009.png
Ben Nevis;1998;Still Spirit Warehouse;July 2023;101.4;51%;;https://www.whiskyhammer.com/uploads/images/products/newthumbs/1691494369BenNevis1998.png
Bruichladdich;2010;;February 2023;163;59.6%;Ex-Bourbon Barrel;https://www.whiskyhammer.com/uploads/images/products/newthumbs/1680793419Lochindaal2010.png
Bruichladdich;2010;;February 2023;173;59.7%;Fresh Bourbon Barrel #2032;https://www.whiskyhammer.com/uploads/images/products/newthumbs/1680792148Bruichladdich2010.png
The North British Distillery;2010;;February 2023;183;61.2%;Ex-Bourbon Barrel;https://www.whiskyhammer.com/uploads/images/products/newthumbs/1678365333NorthBritish2010.png
Ben Nevis;1996;;January 2023;156.6;49.5%;Hogshead;https://www.whiskyhammer.com/uploads/images/products/newthumbs/1676284266BenNevis1996.png
BREWDOG DISTILLING CO.;2023;;;200L;63.5%;OXOLOROSO SHERRY CASK;https://www.whiskyhammer.com/uploads/images/products/newthumbs/1670255104WHImagecardsSherry15.png
BREWDOG DISTILLING CO.;;;;200L;63.5%;SINGLE MALT EX BOURBON CASK;https://www.whiskyhammer.com/uploads/images/products/newthumbs/1670258498WHImagecardsBourbon9.png
BREWDOG DISTILLING CO.;2023;;;200L;63.5%;SINGLE MALT EX OLOROSO SHERRY CASK;https://www.whiskyhammer.com/uploads/images/products/newthumbs/1670240918WHImagecardsSherry.png
BREWDOG DISTILLING CO.;;;;200L;63.5%;SINGLE MALT EX BOURBON CASK;https://www.whiskyhammer.com/uploads/images/products/newthumbs/1670258470WHImagecardsBourbon8.png
BREWDOG DISTILLING CO.;;;;200L;63.5%;OXOLOROSO SHERRY CASK;https://www.whiskyhammer.com/uploads/images/products/newthumbs/1670250083WHImagecardsSherry14.png
BREWDOG DISTILLING CO.;;;;200L;63.5%;OXOLOROSO SHERRY CASK;https://www.whiskyhammer.com/uploads/images/products/newthumbs/1670255760WHImagecardsSherry17.png
BREWDOG DISTILLING CO.;2023;;;200L;63.5%;OXOLOROSO SHERRY CASK;https://www.whiskyhammer.com/uploads/images/products/newthumbs/1670248699WHImagecardsSherry12.png
BREWDOG DISTILLING CO.;;;;200L;63.5%;SINGLE MALT EX OLOROSO SHERRY CASK;https://www.whiskyhammer.com/uploads/images/products/newthumbs/1670249996WHImagecardsSherry13.png
BREWDOG DISTILLING CO.;;;;200L;63.5%;OXOLOROSO SHERRY CASK;https://www.whiskyhammer.com/uploads/images/products/newthumbs/1670246959WHImagecardsSherry7.png
BREWDOG DISTILLING CO.;;;;200L;63.5%;OXOLOROSO SHERRY CASK;https://www.whiskyhammer.com/uploads/images/products/newthumbs/1670255989WHImagecardsSherry24.png
BREWDOG DISTILLING CO.;;;;200L;63.5%;SINGLE MALT EX OLOROSO SHERRY CASK;https://www.whiskyhammer.com/uploads/images/products/newthumbs/1670248421WHImagecardsSherry10.png
BREWDOG DISTILLING CO.;;;;200L;63.5%;SINGLE MALT EX BOURBON CASK;https://www.whiskyhammer.com/uploads/images/products/newthumbs/1670258837WHImagecardsBourbon15.png
BREWDOG DISTILLING CO.;;;;200L;63.5%;SINGLE MALT EX BOURBON CASK;https://www.whiskyhammer.com/uploads/images/products/newthumbs/1670256753WHImagecardsBourbon3.png
BREWDOG DISTILLING CO.;2023;;;200L;63.5%;SINGLE GRAIN RYE CASK;https://www.whiskyhammer.com/uploads/images/products/newthumbs/1670259122WHImagecardsRye3.png
BREWDOG DISTILLING CO.;;;;200L;63.5%;SINGLE MALT EX BOURBON CASK;https://www.whiskyhammer.com/uploads/images/products/newthumbs/1670258364WHImagecardsBourbon5.png
BREWDOG DISTILLING CO.;2023;;;200L;63.5%;OXOLOROSO SHERRY CASK;https://www.whiskyhammer.com/uploads/images/products/newthumbs/1670256124WHImagecardsSherry28.png
BREWDOG DISTILLING CO.;;;;200L;63.5%;OXOLOROSO SHERRY CASK;https://www.whiskyhammer.com/uploads/images/products/newthumbs/1670256161WHImagecardsSherry29.png
BREWDOG DISTILLING CO.;;;;200L;63.5%;SINGLE MALT EX BOURBON CASK;https://www.whiskyhammer.com/uploads/images/products/newthumbs/1670258402WHImagecardsBourbon6.png
BREWDOG DISTILLING CO.;;;;200L;63.5%;OXOLOROSO SHERRY CASK;https://www.whiskyhammer.com/uploads/images/products/newthumbs/1670243163WHImagecardsSherry5.png
BREWDOG DISTILLING CO.;;;;200L;63.5%;OXOLOROSO SHERRY CASK;https://www.whiskyhammer.com/uploads/images/products/newthumbs/1670242095WHImagecardsSherry3.png
BREWDOG DISTILLING CO.;;;;200L;63.5%;OXOLOROSO SHERRY CASK;https://www.whiskyhammer.com/uploads/images/products/newthumbs/1670248329WHImagecardsSherry9.png
BREWDOG DISTILLING CO.;2023;;;200L;63.5%;Oloroso Sherry Cask;https://www.whiskyhammer.com/uploads/images/products/newthumbs/1670255923WHImagecardsSherry22.png
Brewdog Distilling Co.;2023;;;200L;63.5%;Single Grain Rye Cask;https://www.whiskyhammer.com/uploads/images/products/newthumbs/1670259092WHImagecardsRye2.png
BREWDOG DISTILLING CO.;2023;;;200L;63.5%;SINGLE GRAIN RYE CASK;https://www.whiskyhammer.com/uploads/images/products/newthumbs/1670259209WHImagecardsRye5.png
BREWDOG DISTILLING CO.;;;;200L;63.5%;OXOLOROSO SHERRY CASK;https://www.whiskyhammer.com/uploads/images/products/newthumbs/1670255958WHImagecardsSherry23.png
BREWDOG DISTILLING CO.;;;;200L;63.5%;Oloroso Sherry Cask;https://www.whiskyhammer.com/uploads/images/products/newthumbs/1670245617WHImagecardsSherry6.png
BREWDOG DISTILLING CO.;;;;200L;63.5%;OXOLOROSO SHERRY CASK;https://www.whiskyhammer.com/uploads/images/products/newthumbs/1670256193WHImagecardsSherry30.png
BREWDOG DISTILLING CO.;;;;200L;63.5%;OXOLOROSO SHERRY CASK;https://www.whiskyhammer.com/uploads/images/products/newthumbs/1670242346WHImagecardsSherry4.png
BREWDOG DISTILLING CO.;;;;200L;63.5%;OXOLOROSO SHERRY CASK;https://www.whiskyhammer.com/uploads/images/products/newthumbs/1670255726WHImagecardsSherry16.png
BREWDOG DISTILLING CO.;;;;200L;63.5%;OXOLOROSO SHERRY CASK;https://www.whiskyhammer.com/uploads/images/products/newthumbs/1670248518WHImagecardsSherry11.png
BREWDOG DISTILLING CO.;;;;200L;63.5%;SINGLE MALT EX BOURBON CASK;https://www.whiskyhammer.com/uploads/images/products/newthumbs/1670258645WHImagecardsBourbon14.png
BREWDOG DISTILLING CO.;;;;200L;63.5%;SINGLE MALT EX BOURBON CASK;https://www.whiskyhammer.com/uploads/images/products/newthumbs/1670258594WHImagecardsBourbon12.png
BREWDOG DISTILLING CO.;;;;200L;63.5%;SINGLE MALT EX BOURBON CASK;https://www.whiskyhammer.com/uploads/images/products/newthumbs/1670258334WHImagecardsBourbon4.png
BREWDOG DISTILLING CO.;2023;;;200L;63.5%;SINGLE GRAIN RYE CASK;https://www.whiskyhammer.com/uploads/images/products/newthumbs/1670259058WHImagecardsRye.png
BREWDOG DISTILLING CO.;2023;;;200L;63.5%;SINGLE MALT EX BOURBON CASK;https://www.whiskyhammer.com/uploads/images/products/newthumbs/1670258434WHImagecardsBourbon7.png
BREWDOG DISTILLING CO.;;;;200L;63.5%;OXOLOROSO SHERRY CASK;https://www.whiskyhammer.com/uploads/images/products/newthumbs/1670255824WHImagecardsSherry19.png
BREWDOG DISTILLING CO.;2023;;;200L;63.5%;Oloroso Sherry Cask;https://www.whiskyhammer.com/uploads/images/products/newthumbs/1670255854WHImagecardsSherry20.png
BREWDOG DISTILLING CO.;;;;200L;63.5%;SINGLE MALT EX BOURBON CASK;https://www.whiskyhammer.com/uploads/images/products/newthumbs/1670258534WHImagecardsBourbon10.png
BREWDOG DISTILLING CO.;2023;;;200L;63.5%;SINGLE MALT EX BOURBON CASK;https://www.whiskyhammer.com/uploads/images/products/newthumbs/1670258567WHImagecardsBourbon11.png
BREWDOG DISTILLING CO.;2023;;;200L;63.5%;SINGLE GRAIN RYE CASK;https://www.whiskyhammer.com/uploads/images/products/newthumbs/1670259177WHImagecardsRye4.png
BREWDOG DISTILLING CO.;;;;200L;63.5%;OXOLOROSO SHERRY CASK;https://www.whiskyhammer.com/uploads/images/products/newthumbs/1670256041WHImagecardsSherry25.png
BREWDOG DISTILLING CO.;2023;;;200L;63.5%;OXOLOROSO SHERRY CASK;https://www.whiskyhammer.com/uploads/images/products/newthumbs/1670248202WHImagecardsSherry8.png
BREWDOG DISTILLING CO.;;;;200L;63.5%;SINGLE MALT EX OLOROSO SHERRY CASK;https://www.whiskyhammer.com/uploads/images/products/newthumbs/1670255791WHImagecardsSherry18.png
Brewdog Distilling Co.;;;;200L;63.5%;Single Malt Ex Bourbon Cask;https://www.whiskyhammer.com/uploads/images/products/newthumbs/1670256668WHImagecardsBourbon2.png
BREWDOG DISTILLING CO.;2023;;;200L;63.5%;SINGLE MALT EX OLOROSO SHERRY CASK;https://www.whiskyhammer.com/uploads/images/products/newthumbs/1670256068WHImagecardsSherry26.png
BREWDOG DISTILLING CO.;;;;200L;63.5%;OLOROSO SHERRY CASK;https://www.whiskyhammer.com/uploads/images/products/newthumbs/1670241813WHImagecardsSherry2.png
BREWDOG DISTILLING CO.;2023;;;200L;63.5%;OXOLOROSO SHERRY CASK;https://www.whiskyhammer.com/uploads/images/products/newthumbs/1670255894WHImagecardsSherry21.png
BREWDOG DISTILLING CO.;;;;200L;63.5%;OXOLOROSO SHERRY CASK;https://www.whiskyhammer.com/uploads/images/products/newthumbs/1670256095WHImagecardsSherry27.png
BREWDOG DISTILLING CO.;2023;;;200L;63.5%;SINGLE MALT EX BOURBON CASK;https://www.whiskyhammer.com/uploads/images/products/newthumbs/1670256551WHImagecardsBourbon.png
BREWDOG DISTILLING CO.;2023;;;200L;63.5%;SINGLE MALT EX BOURBON CASK;https://www.whiskyhammer.com/uploads/images/products/newthumbs/1670258620WHImagecardsBourbon13.png
Deanston;1992;;September 2022;133;55.8%;Hogshead;https://www.whiskyhammer.com/uploads/images/products/newthumbs/1665753478Deanston1992.png
Deanston Distillery;1994;;September 2022;400;51.1% ABV;Butt;https://www.whiskyhammer.com/uploads/images/products/newthumbs/1665754085Tobermory1994.png
The Macallan Distillery;1990;;April 2022;85.3;45.1%;Refill Hogshead;https://www.whiskyhammer.com/uploads/images/products/newthumbs/1657107229Macallan1990Hogshead.png
;1996;;February 2022;372;65.1%;Sherry Butt;https://www.whiskyhammer.com/uploads/images/products/newthumbs/1655304920Speyside1996.png
Springbank;1993;;April 2022;135.4;52.4%;Fresh Sherry Hogshead #531;https://www.whiskyhammer.com/uploads/images/products/newthumbs/1652862263Springbank1993.png
The Macallan Distillery;1988;;March 2022;374;51.5%;Refill Butt #4180;https://www.whiskyhammer.com/uploads/images/products/newthumbs/1648819213Macallan1988.png
Bruichladdich Distillery;2003;;March 2022;173;57.7%;Ex-Bourbon Hogshead #657;https://www.whiskyhammer.com/uploads/images/products/newthumbs/1648820402PortCharlotte2003.png
Isle of Arran Distillers;2005;;February 2022;141.9;52.1%;Bourbon Barrel;https://www.whiskyhammer.com/uploads/images/products/newthumbs/1649930365Arran2005.png
The Glasgow Distillery;2018;;January 2022;180.89;63.4%;Peated Ex-Bourbon Barrel;https://www.whiskyhammer.com/uploads/images/products/newthumbs/1645805282Glasgow2018592.png
The Glasgow Distillery;2015;;January 2022;132.35;62.9%;First Fill Virgin Oak Barrel;https://www.whiskyhammer.com/uploads/images/products/newthumbs/1645805769Glasgow2015121.png
The Glasgow Distillery;2018;;January 2022;178.57;63%;Peated Ex-Bourbon Barrel;https://www.whiskyhammer.com/uploads/images/products/newthumbs/1644399163Glasgow2018.png
The Glasgow Distillery;2015;;January 2022;147.75;62.8%;First-fill Virgin Oak Barrel;https://www.whiskyhammer.com/uploads/images/products/newthumbs/1644485340Glasgowcask.png
North British;2010;;November 2021;129.9;61.3%;Ex-Bourbon Barrel;https://www.whiskyhammer.com/uploads/images/products/newthumbs/1644403574NorthBritish.png
Ardmore Distillery;2001;;December 2021;141;58.4%;Refill Barrel;https://www.whiskyhammer.com/uploads/images/products/newthumbs/1643884365Dalmorecask.png
Port Dundas;2000;;October 2021;165.4;56.4%;Refill Bourbon Hogshead;https://www.whiskyhammer.com/uploads/images/products/newthumbs/1643883744Portdundascask.png
Ben Nevis;2004;;January 2022;149.69;47.2%;Ex-Bourbon Barrel #536;https://www.whiskyhammer.com/uploads/images/products/newthumbs/1644399188BenNevis2004.png
Ben Nevis Distillery;1988;;October 2021;183.64;43.2%;Customer Hogshead #885;https://www.whiskyhammer.com/uploads/images/products/newthumbs/1639655583Benrinnescask.png
Coleburn Distillery;2015;;August 2021;237.5;60.08%;Customer Hogshead #321;https://www.whiskyhammer.com/uploads/images/products/newthumbs/1635870384Tullibardine2015.png
Ben Nevis;1996;;August 2021;147.7;50.5%;Hogshead;https://www.whiskyhammer.com/uploads/images/products/newthumbs/1635853346BenNevisCask1996.png
Bruichladdich;2010;;September 2021;178;59.3%;Ex-Bourbon Cask #2006;https://www.whiskyhammer.com/uploads/images/products/newthumbs/1635871073BruichladdichCask2010.png
Springbank;1998;;September 2021;134;44.6%;Fresh Sherry Hogshead #430;https://www.whiskyhammer.com/uploads/images/products/newthumbs/1631791439Springbank1998DenisMcQuade.png
Ben Nevis;1996;;May 2021;114.1;52.6%;Refill Hogshead;https://www.whiskyhammer.com/uploads/images/products/newthumbs/1629189543BenNevis1996OliverMeade.png
Ben Nevis;1996;;July 2021;195;51.6%;Customer Hogshead #757;https://www.whiskyhammer.com/uploads/images/products/newthumbs/1631609546BenNevisJohnAdams.png
Tullibardine;2016;;March 2021;185.75;66.7%;Bourbon Barrel;https://www.whiskyhammer.com/uploads/images/products/newthumbs/1618218734Tullibardine2016.png
Tullibardine;2018;;February 2021;63.12;68.9%;1st Fill Red Wine Octave;https://www.whiskyhammer.com/uploads/images/products/newthumbs/1629191848Tullibardine8000456DLudovic.png
Tullibardine;2018;;February 2021;63.12;68.9%;1st Fill Red Wine Octave;https://www.whiskyhammer.com/uploads/images/products/newthumbs/1615457666Tullibardine2018.png
Tullibardine;2018;;February 2021;53.71;68.9%;1st Fill Bourbon Octave;https://www.whiskyhammer.com/uploads/images/products/newthumbs/1615457062Tullibardine2018F.png
Tullibardine;2018;;February 2021;62.02;68.9%;1st Fill Red Wine Octave;https://www.whiskyhammer.com/uploads/images/products/newthumbs/1616499937Tullibradine8000456C.jpg
Tullibardine;2018;;February 2021;50.39;68.9%;1st Fill Oloroso Octave;https://www.whiskyhammer.com/uploads/images/products/newthumbs/1616500654Tullibradine8000456G.jpg
Tullibardine;2018;;February 2021;64.78;68.9%;1st Fill Bourbon Octave;https://www.whiskyhammer.com/uploads/images/products/newthumbs/1629196723Tullibardine8000456ELudovic.png
Ben Nevis;2015;;July 2021;431;61.7%;Sherry Butt;https://www.whiskyhammer.com/uploads/images/products/newthumbs/1629194327Benriach2015MichaelMuir.png
Caol Ila;1990;;March 2021;191;45.7%;Hogshead;https://www.whiskyhammer.com/uploads/images/products/newthumbs/1621499122CaolIlaDunderdale.png
North British;2010;;March 2021;196;69.1%;Ex-Bourbon Barrell;https://www.whiskyhammer.com/uploads/images/products/newthumbs/16213355711615889545NorthBritish2010.png
Bruichladdich;2005;;March 2021;153;62.4%;Ex-Bourbon Cask #1456;https://www.whiskyhammer.com/uploads/images/products/newthumbs/1621499876Bruuichladdich2005Hoonhorst.png
Glenrothes;1991;;March 2021;75.4;59.8%;Refill Bourbon Hogshead;https://www.whiskyhammer.com/uploads/images/products/newthumbs/1621499647GlenrothesBrown.png
Deanston Distillery;1994;;January 2021;142;54.4%;Customer Hogshead;https://www.whiskyhammer.com/uploads/images/products/newthumbs/1615371420Tobermory1994.png
Isle of Arran Distillery;2009;;February 2021;175;57.8%;Bourbon Barrel;https://www.whiskyhammer.com/uploads/images/products/newthumbs/1615370961Arran.png
Deanston;1990;;February 2021;84.2;54.6%;Hogshead;https://www.whiskyhammer.com/uploads/images/products/newthumbs/1614615305Macallan1990.png
Tullibardine;2015;;January 2021;54.57;62.4%;1st Fill Oloroso Octave;https://www.whiskyhammer.com/uploads/images/products/newthumbs/1613042373Tull2015A.png
Glen Ord;2013;;January 2021;118.22;59.7%;1st Fill Oloroso Quarter Cask #246A;https://www.whiskyhammer.com/uploads/images/products/newthumbs/1613042405GLENORD.png
Tullibardine;2015;;January 2021;113.51;62.4%;1st Fill Oloroso Quarter Cask;https://www.whiskyhammer.com/uploads/images/products/newthumbs/1613042431Tull2015.png
Glen Garioch;2011;;January 2021;59.79;57.3%;1st Fill Oloroso Octave #2751A;https://www.whiskyhammer.com/uploads/images/products/newthumbs/1613730398CASKLOTIMAGENEW.png
Bruichladdich;2006;;November 2020;191;56.2%;Oloroso Sherry Hogshead #1415;https://www.whiskyhammer.com/uploads/images/products/newthumbs/1610551218BruichladdichCask.png
Ledaig;2009;;October 2020;212.17;57.6%;Hogshead;https://www.whiskyhammer.com/uploads/images/products/newthumbs/1608222388Ledaig2009.png
Tullibardine;2018;;13th November 2020;57.97;68.8%;1st Fill Red Wine Octave;https://www.whiskyhammer.com/uploads/images/products/newthumbs/1608220070Tull800456B.png
Aultmore;2011;;December 2020;54.44;60.2%;1st Fill Oloroso Octave;https://www.whiskyhammer.com/uploads/images/products/newthumbs/1608221763Aultmore2011.png
Tullibardine;2018;;13th November 2020;51.84;68.8%;1st Fill PX Sherry Octave;https://www.whiskyhammer.com/uploads/images/products/newthumbs/1608220055Tull800456A.png
Port Dundas;2009;;October 2020;195.9;61.3%;Hogshead;https://www.whiskyhammer.com/uploads/images/products/newthumbs/1608303193PortDundas.JPG
Tullibardine;2016;;30th October 2020;45.36;66.6%;1st Fill Oloroso Octave #265;https://www.whiskyhammer.com/uploads/images/products/newthumbs/1608221028Tull2016.png
Tullibardine;2016;;30th October 2020;45.36;66.6%;1st Fill Oloroso Octave #265A;https://www.whiskyhammer.com/uploads/images/products/newthumbs/1608222482Tull2016265A.png
Holyrood Distillery;2021;;;250;63.5%;Ex-Sherry Hogshead;https://www.whiskyhammer.com/uploads/images/products/newthumbs/1606997708Chevallier1.png
Holyrood Distillery;2021;;;250;63.5%;Ex-Sherry Hogshead;https://www.whiskyhammer.com/uploads/images/products/newthumbs/1606998304Chevallier1.png
Holyrood Distillery;2021;;;250;63.5%;Ex-Sherry Hogshead;https://www.whiskyhammer.com/uploads/images/products/newthumbs/1606998185Chevallier1.png
Holyrood Distillery;2021;;;250;63.5%;Ex-Sherry Hogshead;https://www.whiskyhammer.com/uploads/images/products/newthumbs/1606996982Chevallier1.png
Holyrood Distillery;2021;;;250;63.5%;Ex-Sherry Hogshead;https://www.whiskyhammer.com/uploads/images/products/newthumbs/1606997739Chevallier1.png
Holyrood Distillery;2021;;;250;63.5%;Ex-Sherry Hogshead;https://www.whiskyhammer.com/uploads/images/products/newthumbs/1606999192Chevallier1.png
Holyrood;2021;;;250;63.5%;Ex-Sherry Hogshead;https://www.whiskyhammer.com/uploads/images/products/newthumbs/1606999393Chevallier1.png
Holyrood Distillery;2021;;;250;63.5%;Ex-Sherry Hogshead;https://www.whiskyhammer.com/uploads/images/products/newthumbs/1606999326Chevallier1.png
Holyrood Distillery;2021;;;250;63.5%;Ex-Sherry Hogshead;https://www.whiskyhammer.com/uploads/images/products/newthumbs/1606996312Chevallier1.png
Holyrood Distillery;2021;;;250;63.5%;Ex-Sherry Hogshead;https://www.whiskyhammer.com/uploads/images/products/newthumbs/1606998271Chevallier1.png
Holyrood Distillery;2021;;;250;63.5%;Ex-Sherry Hogshead;https://www.whiskyhammer.com/uploads/images/products/newthumbs/1606997631Chevallier1.png
Holyrood Distillery;2021;;;250;63.5%;Ex-Sherry Hogshead;https://www.whiskyhammer.com/uploads/images/products/newthumbs/1606997032Chevallier1.png
Holyrood Distillery;2021;;;250;63.5%;Ex-Sherry Hogshead;https://www.whiskyhammer.com/uploads/images/products/newthumbs/1606999287Chevallier1.png
Holyrood Distillery;2021;;;250;63.5%;Ex-Sherry Hogshead;https://www.whiskyhammer.com/uploads/images/products/newthumbs/1606997590Chevallier1.png
Holyrood Distillery;2021;;;250;63.5%;Ex-Sherry Hogshead;https://www.whiskyhammer.com/uploads/images/products/newthumbs/1606997211Chevallier1.png
Holyrood Distillery;2021;;;250;63.5%;Ex-Sherry Hogshead;https://www.whiskyhammer.com/uploads/images/products/newthumbs/1606997771Chevallier1.png
Holyrood Distillery;2021;;;250;63.5%;Ex-Sherry Hogshead;https://www.whiskyhammer.com/uploads/images/products/newthumbs/1606997452Chevallier1.png
Holyrood Distillery;2021;;;250;63.5%;Ex-Sherry Hogshead;https://www.whiskyhammer.com/uploads/images/products/newthumbs/1606998076Chevallier1.png
Holyrood Distillery;2021;;;250;63.5%;Ex-Sherry Hogshead;https://www.whiskyhammer.com/uploads/images/products/newthumbs/1606996152Chevallier1.png
Holyrood Distillery;2021;;;250;63.5%;Ex-Sherry Hogshead;https://www.whiskyhammer.com/uploads/images/products/newthumbs/1606997251Chevallier1.png
Holyrood Distillery;2021;;;250;63.5%;Ex-Sherry Hogshead;https://www.whiskyhammer.com/uploads/images/products/newthumbs/1606997297Chevallier1.png
Holyrood Distillery;2021;;;250;63.5%;Ex-Sherry Hogshead;https://www.whiskyhammer.com/uploads/images/products/newthumbs/1606997670Chevallier1.png
Holyrood Distillery;2021;;;250;63.5%;Ex-Sherry Hogshead;https://www.whiskyhammer.com/uploads/images/products/newthumbs/1606997811Chevallier1.png
Holyrood Distillery;2021;;;250;63.5%;Ex-Sherry Hogshead;https://www.whiskyhammer.com/uploads/images/products/newthumbs/1606998414Chevallier1.png
Holyrood Distillery;2021;;;250;63.5%;Ex-Sherry Hogshead;https://www.whiskyhammer.com/uploads/images/products/newthumbs/1606998449Chevallier1.png
Holyrood Distillery;2021;;;250;63.5%;Ex-Sherry Hogshead;https://www.whiskyhammer.com/uploads/images/products/newthumbs/1606999154Chevallier1.png
Holyrood Distillery;2021;;;250;63.5%;Ex-Sherry Hogshead;https://www.whiskyhammer.com/uploads/images/products/newthumbs/1606999232Chevallier1.png
Holyrood Distillery;2021;;;250;63.5%;Ex-Sherry Hogshead;https://www.whiskyhammer.com/uploads/images/products/newthumbs/1606999361Chevallier1.png
Holyrood Distillery;2021;;;250;63.5%;Ex-Sherry Hogshead;https://www.whiskyhammer.com/uploads/images/products/newthumbs/1606999620Chevallier1.png
Holyrood Distillery;2021;;;250;63.5%;Ex-Sherry Hogshead;https://www.whiskyhammer.com/uploads/images/products/newthumbs/1606999879Chevallier1.png
North British Distillery;2006;;September 2020;164;61.8%;Ex-Bourbon Barrel;https://www.whiskyhammer.com/uploads/images/products/newthumbs/1602768445northbritish2006.png
North British;2006;;September 2020;149;60.9%;Ex-Bourbon Barrel;https://www.whiskyhammer.com/uploads/images/products/newthumbs/1602768589northbritish20062.png
Bowmore;1987;;August 2020;173;43.7%;Hogshead;https://www.whiskyhammer.com/uploads/images/products/newthumbs/1602765180Bowmore1987.png
Port Dundas;2009;;October 2020;211;62.2%;Hogshead;https://www.whiskyhammer.com/uploads/images/products/newthumbs/1602848662PortDundas2009.png
Tullibardine;2018;;October 2020;52;69.7%;1st Fill Oloroso Octave;https://www.whiskyhammer.com/uploads/images/products/newthumbs/1602848848TULLIBARDINE2018.png
Miltonduff;2009;;March 2020;458;65.5%;Butt;https://www.whiskyhammer.com/uploads/images/products/newthumbs/1600453373miltonduff.png
Coleburn Distillery;2011;;February 2020;180;63.0%;Hogshead;https://www.whiskyhammer.com/uploads/images/products/newthumbs/1591862702GLENFARCLAS.jpg
Macallan;1990;;February 2020;140;50.2%;American Oak Hogshead;https://www.whiskyhammer.com/uploads/images/products/newthumbs/1594378499macallan1990.png
Royal Brackla;2014;;May 2020;133;61.9%;1st Fill Oloroso Hogshead #4A;https://www.whiskyhammer.com/uploads/images/products/newthumbs/1594717793royalbrackla.png
North British;2010;;February 2020;107;62.8%;Ex-Bourbon Barrel;https://www.whiskyhammer.com/uploads/images/products/newthumbs/1594646914northbritish.png
North British Distillery;2016;;February 2020;341;68.6%;Sherry Butt;https://www.whiskyhammer.com/uploads/images/products/newthumbs/1594647592cawdorsprings.png
North British Distillery;2016;;May 2020;102;61.5%;Ex-Bourbon Barrel;https://www.whiskyhammer.com/uploads/images/products/newthumbs/1594651883tullibardine.png
North British;2010;;February 2020;102;61.1%;Ex-Bourbon Barrel;https://www.whiskyhammer.com/uploads/images/products/newthumbs/1591824546NORTHBRITISH2010.png
Girvan;2006;;November 2019;85;60.0%;Ex-Bourbon Barrel;https://www.whiskyhammer.com/uploads/images/products/newthumbs/1591824223Girvan2006.png
Cawdor Springs;2016;North British Distillery;February 2020;115;67.3%;Ex-Bourbon Barrel #316;https://www.whiskyhammer.com/uploads/images/products/newthumbs/1591824423cawdorsprings.png
Coleburn Distillery;2008;;February 2020;212;64.9%;1st Fill Oloroso Sherry Hogshead;https://www.whiskyhammer.com/uploads/images/products/newthumbs/1591823888Craigellachie2008.png
Coleburn Distillery;2009;;February 2020;214;63.5%;1st Fill Chateau Palmer Barrique;https://www.whiskyhammer.com/uploads/images/products/newthumbs/1591824037Macduff2009.png
Fettercairn;1989;;February 2019;130;52.1%;Customer Hogshead #1366;https://www.whiskyhammer.com/uploads/images/products/newthumbs/1591825686Fettercairn1989.jpg
Tullibardine;2007;;November 2019;479;58%;Ex-Sherry Butt;https://www.whiskyhammer.com/uploads/images/products/newthumbs/1591824985Tullibardine2007.jpg
Deanston Distillery;1989;;October 2019;128;52.1%;First Fill Oak Hogshead;https://www.whiskyhammer.com/uploads/images/products/newthumbs/1591825255macallan19892807.png
Fettercairn;1989;;February 2019;125;51%;Customer Hogshead #1370;https://www.whiskyhammer.com/uploads/images/products/newthumbs/1591825552Fettercairn1989.jpg
Macallan;1989;;November 2018;152;44.6%;Hogshead;https://www.whiskyhammer.com/uploads/images/products/newthumbs/1591823583Macallan19893493.jpg
